stamp,shoulder_pan_joint,shoulder_lift_joint,elbow_joint,wrist_1_joint,wrist_2_joint,wrist_3_joint
54.298,9.673605074489444e-05,-1.569987704833579,-1.208832571641949e-05,-1.569963080395469,-1.8832464403928384e-05,-3.308826912284957e-05
54.308,9.673605074489444e-05,-1.569987704833579,-1.208832571641949e-05,-1.5699630803954672,-1.8832464403928384e-05,-3.308826912284957e-05
54.318,9.673605074489444e-05,-1.5699877048335782,-1.2088325718195847e-05,-1.569963080395469,-1.8832464403928384e-05,-3.3088269124625924e-05
54.328,9.673605074489444e-05,-1.569987704833579,-1.208832571641949e-05,-1.569963080395469,-1.8832464403928384e-05,-3.3088269124625924e-05
54.338,9.673605074489444e-05,-1.569987704833579,-1.208832571641949e-05,-1.569963080395469,-1.8832464403928384e-05,-3.308826912284957e-05
54.348,9.673605074489444e-05,-1.5699877048335782,-1.2088325714643133e-05,-1.569963080395469,-1.8832464403040206e-05,-3.3088269123737746e-05
54.358,0.00010616616062097961,-1.5699852168499457,-1.2497449688453344e-05,-1.5699639350276997,-1.798121932061747e-05,-3.229695952722267e-05
54.368,0.00010068032846888286,-1.569953535032077,2.155774784462494e-06,-1.569969255212015,-3.1689869135931303e-05,-1.8999076971226714e-05
54.378,0.00011347485783019806,-1.5699082956705002,5.4145181875853154e-05,-1.5699681451527936,-0.0001044558534148976,4.949432958589739e-06
54.388,0.0001438639550714882,-1.5698495674636452,0.00014331194635985867,-1.5699606371226538,-0.00023584025378831086,4.0814125919830246e-05
54.398,0.00019238006824640053,-1.5697774188257252,0.00026945863097349587,-1.5699467632331348,-0.0004253703159147193,8.729049731481808e-05
54.408,0.0002596653600352994,-1.5696919181800089,0.00043239756481838754,-1.5699265556685655,-0.0006727450983969874,0.00014470308011826916
54.418,0.0003458149400259458,-1.5695931339654023,0.0006319410843298456,-1.5699000466297979,-0.0009776702707293694,0.0002130030641085412
54.428,0.00045066990960140885,-1.5694811346235482,0.0008679015260657508,-1.5698672683214832,-0.0013398514134728146,0.0002921359034102622
54.438,0.0005740315937741158,-1.5693559885963893,0.0011400912266879004,-1.5698282529489949,-0.00175899386872036,0.00038204610733583166
54.448,0.0007157220820879218,-1.5692177643260583,0.0014483225230028651,-1.569783032717718,-0.0022348028484548976,0.0004826779205480136
54.458,0.0008755892445968527,-1.5690665302549591,0.001792407751963765,-1.5697316398329577,-0.002766983498353248,0.0005939754905925909
54.468,0.0010535002551348427,-1.5689023548258436,0.00217215925065517,-1.569674106499987,-0.003355240929271197,0.0007158829228757213
54.478,0.001249335169610788,-1.5687253064818518,0.0025873893563010952,-1.5696104649241431,-0.003999280232935831,0.0008483443023168391
54.488,0.0014629823949299237,-1.5685354536665244,0.0030379104062596696,-1.5695407473108962,-0.004698806490079477,0.0009913037030715444
54.498,0.0016943357565910588,-1.5683328648238317,0.0035235347380444537,-1.5694649858659324,-0.0054535247748654925,0.001144705193320661
54.508,0.0019432926407656481,-1.5681176083981956,0.004044074689326216,-1.569383212795238,-0.006263140157392044,0.0013084928378646055
54.518,0.002209752813972621,-1.5678897528344933,0.004599342597958689,-1.5692954603051734,-0.00712735770514783,0.0014826106995862176
54.528,0.0024936176637329055,-1.5676493665780933,0.005189150801995446,-1.5692017606025686,-0.00804588248392335,0.0016670028403753534
54.538,0.002794789701955125,-1.5673965180748641,0.005813311639712104,-1.569102145894799,-0.009018419558339374,0.001861613321719524
54.548,0.0031131722343182844,-1.567131275771185,0.006471637449625867,-1.5689966483898954,-0.010044673992222641,0.0020663862051186754
54.558,0.0034486691361763633,-1.5668537081139877,0.007163940570518612,-1.5688853002966199,-0.011124350848813691,0.002281265552401379
54.568,0.0038011846980632313,-1.5665638835507527,0.007890033341467984,-1.5687681338245834,-0.012257155190922298,0.0025061954259664176
54.578,0.004170623517391725,-1.5662618705295352,0.008649728101862486,-1.56864518118434,-0.01344279208100474,0.002741119888987953
54.588,0.004556890421363313,-1.565947737498991,0.009442837191440567,-1.5685164745874922,-0.014680966581238408,0.002985983005595827
54.598,0.004959890411287304,-1.5656215529083795,0.010269172950301275,-1.5683820462468092,-0.015971383753541346,0.003240728841044316
54.608,0.005379528621834773,-1.5652833852075962,0.011128547718946002,-1.5682419283763314,-0.01731374865959001,0.003505301461856014
54.618,0.005815710290812959,-1.5649333028471772,0.012020773838295362,-1.568096153191481,-0.01870776636082816,0.0037796449359728257
54.628,0.00626834073648741,-1.5645713742783298,0.012945663649723826,-1.5679447529091868,-0.02015314191845352,0.004063703332899848
54.638,0.006737325340393063,-1.5641976679529355,0.01390302949508282,-1.5677877597479921,-0.021649580393411583,0.004357420723840377
54.648,0.007222569534136802,-1.5638122523235614,0.014892683716726474,-1.567625205928176,-0.023196786846376938,0.004660741181819361
54.658,0.007723978789184294,-1.5634151958434905,0.01591443865754183,-1.5674571236718635,-0.02479446633773552,0.004973608781842387
54.668,0.008241458608885033,-1.5630065669667086,0.016968106660971927,-1.5672835452031468,-0.026442323927557965,0.005295967600982721
54.678,0.00877491452216983,-1.5625864341479392,0.018053500071040673,-1.5671045027481951,-0.02814006467558361,0.005627761718554503
54.688,0.00932425207855836,-1.5621548658426236,0.01917043123237505,-1.5669200285353662,-0.029887393641182314,0.005968935216196236
54.698,0.009889376844138376,-1.5617119305069502,0.020318712490228208,-1.566730154795318,-0.03168401588334824,0.0063194321780111196
54.708,0.010470194398331856,-1.5612576965978382,0.02149815619050166,-1.5665349137611098,-0.033529636460653656,0.006679196690673628
54.718,0.01106661033126688,-1.5607922325729413,0.02270857467975418,-1.566334337668302,-0.03542396043124452,0.00704817284353787
54.728,0.011678530241628238,-1.5603156068906487,0.023949780305231094,-1.5661284587550575,-0.03736669285279337,0.007426304728753053
54.738,0.012305859728977353,-1.5598278879968255,0.025221585413016,-1.5659173092670424,-0.0393575387734435,0.00781353644615912
54.748,0.012948504391043336,-1.5593291443220847,0.02652380234766394,-1.5657009214585202,-0.041396203229908224,0.00820981210438454
54.758,0.013606369859321177,-1.5588194443644017,0.027856243463753927,-1.5654793275622247,-0.04348239130388887,0.008615075790662452
54.768,0.01427936175306499,-1.5582988565875586,0.02921872111171009,-1.5652525598265217,-0.0456158080527711,0.009029271608196332
54.778,0.014967385692616908,-1.5577674494536493,0.030611047642331357,-1.5650206505036315,-0.04779615853178676,0.009452343664239748
54.788,0.015670347299739262,-1.5572252914251299,0.03203303540708635,-1.5647836318488761,-0.05002314779542072,0.009884236069372498
54.798,0.016388152197144734,-1.5566724509650098,0.03348449675813381,-1.564541536120633,-0.05229648089755834,0.010324892937476626
54.808,0.017120706008009634,-1.5561089965368564,0.03496524404831458,-1.56429439558034,-0.05461586289150322,0.010774258385737312
54.818,0.017867914355578662,-1.555534996604736,0.03647508963113566,-1.5640422424925045,-0.056980998829981644,0.011232276534654417
54.828,0.018629682862836283,-1.554950519633184,0.038013845860741746,-1.5637851091247037,-0.05939159376514436,0.011698891508066467
54.838,0.019405917152243823,-1.55435563408714,0.03958132509188683,-1.5635230277475531,-0.06184735274857722,0.012174047433103574
54.848,0.02019652284553075,-1.5537504084318854,0.04117733967990045,-1.5632560306346819,-0.0643479808313101,0.012657688440192771
54.858,0.021001405563544573,-1.5531349111329849,0.042801701980645035,-1.5629841500626767,-0.06689318306384706,0.013149758662986066
54.868,0.021820470926143365,-1.5525092106562146,0.04445422435046975,-1.5627074183110143,-0.0694826644961779,0.013650202238310705
54.878,0.022653624552127383,-1.5518733754674796,0.0461347191461563,-1.5624258676619793,-0.07211613017782792,0.01415896330609101
54.888,0.023500772059222186,-1.5512274740327443,0.047842998724862085,-1.5621395304005588,-0.07479328515787476,0.014675986009246245
54.898,0.024361819064080414,-1.5505715748179296,0.04957887544405182,-1.5618484388143306,-0.0775138344850097,0.015201214493593795
54.908,0.02523667118233419,-1.5499057462888446,0.05134216166143357,-1.561552625193325,-0.08027748320757766,0.015734592907697298
54.918,0.026125234028666178,-1.5492300569110717,0.05313266973487174,-1.5612521218298663,-0.08308393637363931,0.016276065402740514
54.928,0.027027413216917928,-1.5485445751498792,0.05495021202231509,-1.5609469610184141,-0.08593289903103418,0.016825576132351472
54.938,0.02794311436021868,-1.5478493694701123,0.056794600881703516,-1.560637175055366,-0.08882407622744637,0.01738306925242039
54.948,0.02887224307114966,-1.547144508336096,0.058665648670876536,-1.5603227962388684,-0.09175717301048802,0.017948488920922934
54.958,0.029814704961917293,-1.5464300602115182,0.06056316774747739,-1.5600038568685872,-0.09473189442777397,0.018521779297687502
54.968,0.030770405644561905,-1.545706093559328,0.062486970468851766,-1.5596803892454871,-0.0977479455270176,0.01910288454417408
54.978,0.03173925072982886,-1.5449726768411478,0.06443686919210734,-1.5593524256733517,-0.10080503135531504,0.019691748825341193
54.988,0.03272114583000185,-1.5442298785178792,0.06641267627361724,-1.559019998455041,-0.10390285696075274,0.02028831630523875
54.998,0.0337159965592404,-1.54347776705021,0.06841420406910181,-1.5586831398924015,-0.10704112739272276,0.020892531147051585
55.008,0.03472370853136386,-1.5427164108970437,0.07044126493362857,-1.5583418822889272,-0.1102195477003649,0.02150433751619385
55.018,0.0357441873612121,-1.5419458785159736,0.0724936712214328,-1.5579962579481825,-0.11343782293338744,0.022123679578527344
55.028,0.03677733866498922,-1.541166238363205,0.07457123528578613,-1.5576462991734314,-0.1166956581422216,0.022750501500003573
55.038,0.03782306806056557,-1.5403775588934392,0.07667376947889615,-1.5572920382673368,-0.1199927583781486,0.02338474744635377
55.048,0.038881281167771675,-1.539579908559794,0.07880108615178383,-1.556933507531673,-0.12332882869342043,0.02402636158281357
55.058,0.03995188360869051,-1.538773355813708,0.08095299765418229,-1.5565707392670345,-0.12670357414136646,0.024675288073830792
55.068,0.041034781007953214,-1.5379579691048544,0.08312931633442666,-1.5562037657725516,-0.13011669977652218,0.025331471082788326
55.078,0.04212987898663645,-1.5371338168642346,0.08532985453684194,-1.5558326193503818,-0.13356791064341245,0.025994854776189236
55.088,0.04323708313226682,-1.5363009674234467,0.0875544245888058,-1.5554573323239755,-0.1370569117236169,0.026665383338536408
55.098,0.04435629912183803,-1.5354594893433642,0.08980283885222562,-1.5550779369571157,-0.14058340815277415,0.027343000902335213
55.108,0.0454874325976089,-1.5346094510769273,0.09207490967063237,-1.5546944655372807,-0.14414710499866246,0.028027651621338023
55.118,0.04663038920164997,-1.5337509210653335,0.0943704493841695,-1.5543069503518256,-0.1477477073244593,0.02871927964925991
55.128,0.047785074579682174,-1.5328839677465271,0.09668927033088703,-1.5539154236854134,-0.15138492019443106,0.029417829137499574
55.138,0.048951394381680835,-1.5320086595562177,0.0990311848468508,-1.5535199178195653,-0.15505844867469243,0.030123244234720126
55.148,0.05012925426208792,-1.5311250649279893,0.1013960052661167,-1.5531204650324573,-0.15876799783335827,0.030835469086665235
55.158,0.05131855987997902,-1.5302332522933193,0.10378354392068978,-1.5527170975987494,-0.16251327274062355,0.03155444783598149
55.168,0.052519216894866716,-1.5293332900805205,0.10619361314109188,-1.5523098477951627,-0.16629397846643723,0.032280124628764284
55.178,0.05373113097848048,-1.5284252467174484,0.10862602525466247,-1.5518987478849637,-0.17010982008696995,0.03301244359643096
55.188,0.05495420780557225,-1.5275091906298168,0.11108059258703395,-1.5514838301301777,-0.17396050267963759,0.03375134887002762
55.198,0.056188353054865914,-1.5265851902409302,0.11355712746183233,-1.5510651267901783,-0.17784573132348047,0.03449678457853178
55.208,0.05743347241002095,-1.5256533139721513,0.11605544220061415,-1.5506426701204865,-0.1817652110997665,0.0352486948474926
55.218,0.05868947155969373,-1.5247136302429742,0.11857534912287804,-1.5502164923726682,-0.18571864709202401,0.036007023798880766
55.228,0.05995625619751621,-1.5237662074711025,0.12111666054610115,-1.5497866257943262,-0.18970574438603283,0.036771715551091155
55.238,0.06123373201411386,-1.522811114050765,0.12367918878238271,-1.549353102634535,-0.1937262080552289,0.03754271422358624
55.248,0.06252180466745827,-1.5218484182549898,0.12626274612148602,-1.5489159551554121,-0.1977797430984216,0.03831996394144621
55.258,0.06382037991038825,-1.5208781886404494,0.1288671448995018,-1.5484752155690118,-0.2018660546997646,0.03910340879578822
55.268,0.06512936346221831,-1.5199004936357328,0.1314921974292247,-1.5480309161038757,-0.20598484796488314,0.039892992888217904
55.278,0.06644866104099911,-1.5189154016529949,0.13413771601914348,-1.5475830889880648,-0.21013582799170916,0.040688660319386116
55.288,0.06777817836129163,-1.5179229811026633,0.13680351297746984,-1.5471317664565105,-0.21431869987636798,0.04149035519879973
55.298,0.06911782114839049,-1.5169233003908775,0.13948940060874992,-1.5466769807311018,-0.21853316871844086,0.04229802162135865
55.308,0.07046749513866057,-1.5159164279247859,0.14219519121533786,-1.5462187640210137,-0.22277893962319073,0.04311160366789135
55.318,0.07182710606550113,-1.514902432110351,0.14492069709940214,-1.5457571485410795,-0.2270557176943928,0.04393104542649873
55.328,0.07319614446809908,-1.513880724750339,0.14766562579889886,-1.545292429399678,-0.23136275250215466,0.04475652259503171
55.338,0.07457567772020646,-1.5128532172593203,0.1504300831965022,-1.544823910461901,-0.23570102990955988,0.04558734174930201
55.348,0.07596638911480813,-1.5118214445660463,0.15321412776261223,-1.54435122047524,-0.2400712380522041,0.046423152387269795
55.358,0.07736243287030575,-1.5107754662422292,0.15601593980423978,-1.5438775941424185,-0.2444662276851517,0.047266443285984394
55.368,0.07877051635204513,-1.509727365099417,0.15883728432545574,-1.543399466628006,-0.24889395257981572,0.04811441065637645
55.378,0.08018808522899512,-1.5086725751581171,0.16167722237034354,-1.5429179449697918,-0.2533509374149858,0.048967674873805045
55.388,0.08161636748848622,-1.50761367349014,0.16453598513326817,-1.5424324476252296,-0.25783859457023883,0.04982577161054014
55.398,0.08304984475186128,-1.5065411626157237,0.16741179554974828,-1.5419459585177653,-0.262350066687552,0.05069094431681531
55.408,0.08449483261613988,-1.5054665984228703,0.17030636738789884,-1.5414552145755605,-0.2668929586829085,0.05156068525579105
55.418,0.08594892871917104,-1.504385619953627,0.17321878279566771,-1.5409612050777342,-0.2714639323992589,0.05243549933468916
55.428,0.08741327457505133,-1.5033006848581276,0.1761492605297077,-1.5404634139812488,-0.27606432043216156,0.05331498534422163
55.438,0.0888826752020444,-1.5022027345072562,0.17909606616082474,-1.5399645806435527,-0.2806875565254918,0.05420114914418139
55.448,0.09036492486570058,-1.5011060835109047,0.1820614227015609,-1.5394607140587238,-0.2853431615825617,0.05509096981310613
55.458,0.09185188496601171,-1.4999962498692623,0.18504267062612278,-1.5389559208483035,-0.290020803527284,0.055987375710992104
55.468,0.09334907647898572,-1.4988831721093197,0.18804130741459524,-1.5384471556952435,-0.2947269993069668,0.056887901707178834
55.478,0.09485682045631005,-1.4977681380105439,0.19105735723969275,-1.5379346026524163,-0.29946229439152194,0.05779284567335807
55.488,0.09636915492662812,-1.4966403369329304,0.19408875282440263,-1.5374210938211115,-0.3042188826173149,0.05870408368562252
55.498,0.09789136193931558,-1.4955093939432602,0.197136964503958,-1.5369037668395316,-0.3090030724260817,0.05961932966681882
55.508,0.09942373079341671,-1.4943765499672412,0.20020201042217156,-1.536382826237714,-0.3138153750037027,0.06053889933018031
55.518,0.10096058936640251,-1.4932313948972469,0.2032818642901404,-1.5358608937302995,-0.31864825425112464,0.06146446849250253
55.528,0.10250696299620987,-1.492083201998273,0.20637796155040533,-1.535335295514717,-0.32350778382902323,0.0623939320476099
55.538,0.10406311081342157,-1.4909331659492577,0.20949031424194953,-1.5348062541872953,-0.32839444081782876,0.06332762058331376
55.548,0.10562364334161156,-1.4897712708809168,0.21261693713083485,-1.5342761899129438,-0.33330095615437205,0.06426701993798467
55.558,0.1071933347568832,-1.4886064435948076,0.21575923069454195,-1.5337426110550694,-0.33823317134750486,0.06521019867110489
55.568,0.10877241572189256,-1.4874398330787952,0.2189172007564384,-1.5332057556880359,-0.3431915295576946,0.06615749906925394
55.578,0.11035577195481938,-1.486261811897745,0.22208890342242427,-1.5326678516165786,-0.34816902596561405,0.06711022770686714
55.588,0.11194793234148825,-1.4850809656950374,0.22527570400276264,-1.5321265826383201,-0.35317127256722003,0.06806661912413148
55.598,0.11354910076696445,-1.4838983986490584,0.22847760206738776,-1.5315821998435886,-0.35819867898802027,0.06902702432161245
55.608,0.11515443032336137,-1.4827048653006523,0.23169269532049785,-1.531036748057415,-0.3632445014368546,0.06999258145227838
55.618,0.11676821086155442,-1.4815086155637835,0.23492231362416938,-1.5304880794216733,-0.36831412514013273,0.07096168296185379
55.628,0.11839062109952359,-1.4803107099149633,0.2381664502991221,-1.5299364557533566,-0.37340792673284895,0.07193468582551255
55.638,0.12001707352119251,-1.479102278233597,0.24142324497043433,-1.5293837483424002,-0.3785194200812674,0.07291257063310397
55.648,0.12165162535627072,-1.4778912406063662,0.24469399176790763,-1.5288279705473014,-0.38365376666151274,0.0738938796886881
55.658,0.12329443175084798,-1.4766786141157426,0.2479786776140589,-1.5282693925150235,-0.38881131025742466,0.07487897300949342
55.668,0.12494115649952064,-1.4754558980720398,0.25127548460490967,-1.527709721621258,-0.3939858193768444,0.07586868472418029
55.678,0.12659563075489544,-1.4742306878881022,0.254585670617808,-1.5271471250536162,-0.39918223437433475,0.07686169858941838
55.688,0.12825798765558805,-1.4730039585900403,0.25790921624231444,-1.5265818792087154,-0.40440086692138166,0.07785837523133843
55.698,0.12992413411055015,-1.4717675721517913,0.26124434649530137,-1.5260155369972837,-0.4096357366097374,0.07885941307954791
55.708,0.1315976819024698,-1.4705288050288645,0.2645922825176301,-1.5254464120520228,-0.4148915656523888,0.07986362903047439
55.718,0.13327739913529602,-1.4692857924143252,0.2679524478529931,-1.5248752800404195,-0.42016669533844553,0.08087161191713932
55.728,0.13496328188831708,-1.4680386493812267,0.27132466978739256,-1.5243020314353042,-0.42546087163756585,0.08188314012714404
55.738,0.1366551433547185,-1.466787257293923,0.2747087237889625,-1.5237267361042837,-0.4307736700577305,0.08289817870168203
55.748,0.13835288888095398,-1.46553168355656,0.27810442196758345,-1.523149426314251,-0.4361047950343604,0.08391667166883554
55.758,0.14005642411806818,-1.464271996492127,0.2815115766257845,-1.522570134270778,-0.4414539515410807,0.08493856306748881
55.768,0.14176681906935595,-1.4630107866441884,0.28493051081924925,-1.521988516048109,-0.4468225841429847,0.08596367045536368
55.778,0.14348046882006216,-1.4617405206257474,0.28835949775948233,-1.5214057388774411,-0.4522051539022929,0.08699232033236637
55.788,0.1452019376477809,-1.460471381068327,0.2918004029188399,-1.5208203392472606,-0.45760834210659507,0.08802396445525495
55.798,0.14692655801330456,-1.459193449563841,0.29525100009043204,-1.5202337944581203,-0.4630249682374403,0.08905899694440134
55.808,0.14865870873245957,-1.4579166186534154,0.29871311783638355,-1.5196447465036722,-0.4684615087361319,0.09009695490985337
55.818,0.15039392075447466,-1.4566312937517487,0.3021845745740235,-1.5190545645071798,-0.4739110102270363,0.09113814786140928
55.828,0.15213637730554197,-1.4553470461271159,0.30566715409748646,-1.5184619956749663,-0.4793797236216166,0.09218219429825503
55.838,0.15388180238990046,-1.4540546005079598,0.3091587198254393,-1.5178683066574776,-0.48486091991645264,0.09322932538778339
55.848,0.15563418879316337,-1.4527632108837059,0.3126610103064351,-1.5172723443911384,-0.49036062693545546,0.09427923496910573
55.858,0.15738944850782577,-1.4514639175198327,0.3161719344934699,-1.5166752784530328,-0.4958723377075511,0.09533208182358699
55.868,0.15915138881806712,-1.4501656604947237,0.3196931850760816,-1.5160760501628752,-0.5014018590696736,0.09638762919297772
55.878,0.1609161047675416,-1.4488597923704567,0.32322271718901074,-1.515475737363309,-0.5069429040044753,0.09744596939468053
55.888,0.16268722301553762,-1.447554942361007,0.32676217697435916,-1.5148733704527646,-0.5125010603492965,0.09850692917777781
55.898,0.16446101683393977,-1.4462427722538542,0.3303095664370286,-1.514269940730347,-0.5180702590192316,0.09957054013562505
55.908,0.16624093703586862,-1.4449316038944822,0.3338664845767161,-1.5136645626833913,-0.5236558710969197,0.10063668707975992
55.918,0.16802343041305878,-1.4436134049108948,0.33743098088508994,-1.5130581459789094,-0.5292520432402021,0.1017053462366535
55.928,0.16981177656750113,-1.442296192637884,0.3410046064912864,-1.5124498842599725,-0.5348639317069539,0.10277645504852195
55.938,0.17160259117714105,-1.44097223771766,0.34458545910981275,-1.5118406104594828,-0.5404858969417523,0.10384993975191215
55.948,0.17339898724628,-1.439649255942374,0.34817504129240184,-1.5112295925669774,-0.5461228824387359,0.10492578517736284
55.958,0.17519847826055468,-1.4383216098481062,0.3517719000056543,-1.5106174399587533,-0.5517706835142633,0.10600391329978187
55.968,0.1770017957057055,-1.4369913136063166,0.35537628078378347,-1.5100039631571547,-0.5574303412156771,0.10708424666921612
55.978,0.17880795719840403,-1.435656297481916,0.35898751178093224,-1.5093894032373254,-0.5631000930775985,0.10816671220719609
55.988,0.18061953214666637,-1.4343229421862078,0.36260684168249213,-1.5087731105128488,-0.5687839923863081,0.10925122799353115
55.998,0.18243366448083176,-1.4329850532694814,0.36623263756782887,-1.5081560141103512,-0.5744773907268161,0.11033802289831662
56.008,0.1842504785219603,-1.4316427598760961,0.36986474866959185,-1.5075377942158528,-0.5801800972634092,0.11142663623334048
56.018,0.18607228128729503,-1.4303020688050097,0.37350434950110856,-1.5069180005636533,-0.5858958799667722,0.11251717099864944
56.028,0.18789643207092244,-1.4289571757639201,0.3771498753390423,-1.506297459114068,-0.5916203652789438,0.11360978456563586
56.038,0.18972304468097878,-1.427608215285855,0.3808011772295714,-1.505675873246266,-0.5973533670434836,0.11470404595365391
56.048,0.19155422859369686,-1.4262608060951079,0.38445935956633726,-1.505052865855283,-0.6030983789046616,0.11580009297974403
56.058,0.19338754884921894,-1.4249095251726576,0.3881229265623345,-1.5044291690307907,-0.608851296364981,0.11689802133338834
56.068,0.1952231083421312,-1.423554511763031,0.3917917307855703,-1.5038045093978991,-0.6146119369160221,0.11799742952665238
56.078,0.19706277668593142,-1.4222010041206967,0.39546679530906026,-1.5031786708820225,-0.6203835037781111,0.11909859249294286
56.088,0.19890450589558384,-1.4208439257811392,0.3991467288410657,-1.5025519276945416,-0.6261622225837176,0.12020111993082683
56.098,0.20074875177901408,-1.4194850287391627,0.4028317204005294,-1.5019243984395652,-0.6319488960396411,0.12130525453740848
56.108,0.20259482989324074,-1.4181227974132573,0.4065211989740405,-1.5012961851901605,-0.6377421686657465,0.12241083832242339
56.118,0.2044446332070935,-1.4167622812441711,0.4102161981994623,-1.5006668667070966,-0.6435451550737996,0.12351787878122789
56.128,0.20629608161300617,-1.4153984685377565,0.4139152970112647,-1.500036858791431,-0.6493540944699996,0.12462616017973271
56.138,0.20814974117233298,-1.4140331515298195,0.41761872310721504,-1.4994060867766863,-0.6551698630215785,0.1257357084053572
56.148,0.21000551382377086,-1.4126663908497992,0.42132628646675574,-1.4987745865903102,-0.6609921604410953,0.12684647097572377
56.158,0.2118627037336296,-1.4112966332346815,0.425037400283105,-1.498142468140402,-0.6668195960899004,0.12795829011690074
56.168,0.21372303397344794,-1.4099287368572024,0.42875306728744267,-1.4975094592944083,-0.672655128140323,0.129071322815145
56.178,0.21558460248007627,-1.4085581242404686,0.4324719323690607,-1.4968759659428907,-0.6784952898502707,0.13018540050703908
56.188,0.21744785158087865,-1.4071861889113355,0.4361941487329224,-1.496241883422249,-0.6843406909785905,0.13130045709267169
56.198,0.21931276720678472,-1.4058132263191945,0.439919581611691,-1.4956072293164788,-0.690191197028776,0.13241645353022147
56.208,0.22117923296175412,-1.4044392394447243,0.4436480277334294,-1.4949720399476516,-0.6960464681352825,0.13353332957474429
56.218,0.22304715232872763,-1.4030642884125777,0.4473792974622164,-1.4943363473924918,-0.701906204163607,0.13465102804681983
56.228,0.22491643040388976,-1.4016884407125383,0.4511132029917455,-1.493700183939867,-0.7077701091445228,0.13576949279944994
56.238,0.2267869726201619,-1.4003117647312562,0.45484955670539495,-1.4930635818554863,-0.7136378877775629,0.13688866782277298
56.248,0.2286586845377494,-1.398934328941501,0.4585881709847168,-1.4924265733601785,-0.719509244933735,0.13800849711266228
56.258,0.23053147178077804,-1.3975562018106646,0.4623288581966154,-1.4917891906442846,-0.7253838855547423,0.13912892465758375
56.268,0.23240524000770701,-1.3961774517964105,0.4660714306983831,-1.491151465880511,-0.7312615146183568,0.14024989444046732
56.278,0.2342798948956153,-1.3947981473502862,0.4698157008420596,-1.49051343123184,-0.737141837121845,0.1413713504410632
56.288,0.23615534213164935,-1.393418356920489,0.4735614809770148,-1.4898751188559358,-0.7430245580731434,0.14249323663738345
56.298,0.2380314874083771,-1.3920381489534799,0.4773085834513786,-1.4892365609076008,-0.7489093824860689,0.14361549700647913
56.308,0.23990823642126635,-1.3906575918948743,0.48105682061282273,-1.4885977895400964,-0.7547960153777034,0.14473807552490747
56.318,0.24178549486732592,-1.3892767541899154,0.4848060048089735,-1.4879588369058685,-0.760684161767001,0.14586091616895214
56.328,0.24366316844437463,-1.3878957042837479,0.4885559483876367,-1.4873197351569458,-0.7665735266740334,0.1469839629147902
56.338,0.24554116285065586,-1.386514510621544,0.49230646369690323,-1.486680516445174,-0.7724638151195897,0.14810715973856503
56.348,0.24741938378463235,-1.3851332416485709,0.49605736308521475,-1.486041212922331,-0.7783547321249813,0.14923045061647766
56.358,0.249297736944877,-1.3837519658102406,0.4998084589013869,-1.4854018567402236,-0.784245982711945,0.15035377952481266
56.368,0.25117612803002043,-1.382370751552102,0.5035595634946164,-1.4847624800507284,-0.7901372719026041,0.15147709044001623
56.378,0.2530544627387261,-1.380989667319877,0.5073104892144844,-1.484123115005842,-0.796028304719445,0.15260032733871043
56.388,0.25493264688732076,-1.379608784063019,0.5110610489142244,-1.4834837910382697,-0.8019187858078709,0.1537234405870329
56.398,0.2568105858559733,-1.378228163124249,0.5148110533766843,-1.4828445457419783,-0.8078084202930578,0.15484636007485086
56.408,0.2586881856688148,-1.3768478793545682,0.5185603164901051,-1.4822054085309495,-0.8136969141221346,0.15596903853438882
56.418,0.26056535188721686,-1.3754679996387205,0.5223086502022634,-1.4815664115933358,-0.8195839717216202,0.1570914190128727
56.428,0.2624419902081989,-1.3740885922161439,0.5260558668076385,-1.480927587072563,-0.8254692980566993,0.15821344537849935
56.438,0.26431800633690816,-1.372709725504105,0.5298017786485367,-1.4802889671167612,-0.8313525981524572,0.1593350615965914
56.448,0.26619330597612656,-1.3713314679443058,0.5335461980748253,-1.4796505838772096,-0.8372335770381092,0.1604562116445143
56.458,0.2680677948267576,-1.3699538879823476,0.5372889374381344,-1.479012469506681,-0.8431119397419069,0.1615768395015067
56.468,0.26994137858870726,-1.3685770540647517,0.5410298090908423,-1.4783746561587816,-0.8489873912914652,0.16269688914749292
56.478,0.2718139629613834,-1.3672010346384045,0.5447686253858102,-1.4777371759876945,-0.8548596367142896,0.16381630456290974
56.488,0.27368545364396724,-1.365825898150424,0.5485051986762839,-1.477100061148065,-0.8607283810380713,0.1649350297287553
56.498,0.27555575633554685,-1.3644517130480798,0.552239341315838,-1.4764633437949608,-0.8665933292908692,0.16605300862657746
56.508,0.27742477673518096,-1.3630785477787783,0.5559708656583471,-1.4758270560838471,-0.872454186501197,0.16717018523851213
56.518,0.2792924205419389,-1.3617064707900253,0.5596995840579675,-1.475191230170593,-0.8783106576980639,0.16828650354731334
56.528,0.2811585934549168,-1.3603355505294326,0.5634253088691219,-1.474555898211476,-0.8841624479110246,0.16940190753635864
56.538,0.2830232011732514,-1.3589658554447055,0.567147852446495,-1.4739210923631814,-0.890009262170163,0.17051634118968106
56.548,0.2848861493961179,-1.357597453983632,0.5708670271450131,-1.4732868447828324,-0.8958508055061323,0.17162974849198775
56.558,0.28674734382274547,-1.3562304145940824,0.5745826453198433,-1.4726531876279663,-0.9016867829501543,0.17274207342866887
56.568,0.28860669015240425,-1.354864805724003,0.5782945193263807,-1.47202015305658,-0.9075168995340173,0.1738532599858269
56.578,0.2904640632777937,-1.3535006575205972,0.5820024562269381,-1.4713877663817994,-0.9133408167104156,0.1749632302915325
56.588,0.2923194603608614,-1.3521381454971892,0.5857062817216043,-1.4707560798773165,-0.9191583681888007,0.17607199319254452
56.598,0.29417268096552807,-1.3507772105126532,0.5894057916087831,-1.4701251046644166,-0.924969107378038,0.17717941860942066
56.608,0.2960238016553065,-1.3494183083362266,0.5931009286885249,-1.469494727122703,-0.9307731073573713,0.17828540596933884
56.618,0.29787158428694216,-1.3480577884944498,0.5967904033164366,-1.4688654591347228,-0.9365673939728572,0.1793898058138721
56.628,0.2997186737352111,-1.3467050069930113,0.6004766216625326,-1.4682368200793552,-0.9423579958024888,0.1804933344850559
56.638,0.3015624379518034,-1.3453513176459866,0.6041570297892846,-1.4676090443900152,-0.948138818650393,0.18159498170838795
56.648,0.30340359562099994,-1.3439996033947457,0.6078321934094824,-1.4669821459802894,-0.9539114152087871,0.18269503724913783
56.658,0.3052420657826671,-1.3426499499170779,0.6115019259435979,-1.4663561619234948,-0.9596755113259059,0.1837934581572549
56.668,0.3070777441621022,-1.3413024089997572,0.6151660373389101,-1.4657311218091107,-0.9654307950908327,0.1848901798718563
56.678,0.3089105370351657,-1.339957051336819,0.6188243404518587,-1.4651070580597643,-0.9711769731338045,0.18598514703798052
56.688,0.3107403501574151,-1.3386139455894754,0.6224766476894903,-1.4644840028443338,-0.9769137506642078,0.18707830370104173
56.698,0.3125670892582866,-1.3372731602116035,0.6261227714049404,-1.4638619883173454,-0.9826408327722325,0.1881695938664869
56.708,0.3143906600490798,-1.3359347636441663,0.6297625239515741,-1.46324104663864,-0.9883579245136378,0.18925896153319144
56.718,0.31621017194337675,-1.3345959294616667,0.6333949204592741,-1.4626211958355069,-0.9940628665507933,0.1903459613174876
56.728,0.31802803184043604,-1.333265738164984,0.6370222949030966,-1.462002358350476,-0.9997612839384704,0.1914316459361114
56.738,0.31984140737428923,-1.3319345827931988,0.6406416788985867,-1.461384971990252,-1.0054462959811943,0.19251495701314258
56.748,0.3216513760750752,-1.330606439435895,0.6442540706070305,-1.4607686520516627,-1.0111204933508713,0.1935960888983379
56.758,0.3234568694189832,-1.3292779924366716,0.6478583118462726,-1.4601535327952093,-1.0167812736908566,0.19467458682705718
56.768,0.32526038679915636,-1.327958727735466,0.6514568753247074,-1.459539570070381,-1.0224345159777366,0.19575160642852207
56.778,0.3270590094107124,-1.3266386126272376,0.655046637188935,-1.458927187049524,-1.028073047947382,0.19682598777853588
56.788,0.3288538533566072,-1.3253218070114892,0.658628666148596,-1.458315996023622,-1.0336996151631999,0.19789797467545522
56.798,0.33064382250648805,-1.3240048512556786,0.6622017516714633,-1.4577061230737827,-1.0393115220704159,0.19896707649976886
56.808,0.33243148690579094,-1.3226976045210381,0.665768501286558,-1.4570975505234958,-1.0449148679434916,0.20003453611443245
56.818,0.3342130895557558,-1.3213867245052524,0.669324818548449,-1.45649064947164,-1.0505003666358812,0.2010986761947553
56.828,0.3359920475226055,-1.320085245425641,0.6728743036570455,-1.4558851289117452,-1.0560764097264324,0.20216102521738843
56.838,0.33776596912972945,-1.3187844813855587,0.6764142937108053,-1.4552809253044425,-1.0616371571520018,0.20322028287308314
56.848,0.33953438776682,-1.3174833812083324,0.6799441601469844,-1.4546784720258894,-1.0671811642451106,0.20427644175001802
56.858,0.34129989271600003,-1.316192013503987,0.6834666768322233,-1.4540775275570206,-1.072714884289125,0.20533068762353945
56.868,0.3430600682398417,-1.3149015088881295,0.6869791156490637,-1.4534779880509237,-1.0782324075636982,0.20638166447014594
56.878,0.3448144405767799,-1.3136107772857277,0.6904808295271616,-1.4528802930187603,-1.0837322287072366,0.2074293448821214
56.888,0.3465656436075921,-1.3123301374116874,0.6939746891731549,-1.4522842142961516,-1.0892209713226748,0.20847498399022424
56.898,0.3483112244870066,-1.3110505083359383,0.6974578879941422,-1.4516896285537642,-1.094692616822332,0.20951717670204406
56.908,0.3500507027381268,-1.3097707634828593,0.7009297609921221,-1.4510969810866885,-1.1001455990407525,0.21055587467021386
56.918,0.3517867545858957,-1.3085014654093123,0.7043932743256773,-1.4505060577044468,-1.1055867079922042,0.21159240285719072
56.928,0.3535168920092886,-1.307233327783998,0.7078455443801577,-1.4499167154398998,-1.111009821576074,0.2126253079682039
56.938,0.3552406282223233,-1.305965187870498,0.7112858882292485,-1.4493294049341885,-1.1164133117163209,0.21365451953572467
56.948,0.35696067962652833,-1.304707845594957,0.7147173659711124,-1.4487439264940627,-1.1218041307234738,0.21468143261983474
56.958,0.3586745247575145,-1.3034518153204429,0.7181370184876972,-1.4481601174285053,-1.1271760581982893,0.21570454665191896
56.968,0.3603816709341672,-1.3021958985608764,0.7215441449526683,-1.4475784333291766,-1.1325274031059767,0.21672376792888848
56.978,0.3620848726719066,-1.3009511260761053,0.7249418978002584,-1.4469986894217741,-1.1378652759193164,0.21774056171792022
56.988,0.3637815766788588,-1.2997078189784632,0.728327243980937,-1.4464207032698666,-1.1431833630648205,0.2187533811834852
56.998,0.3654712847651904,-1.2984647438172485,0.7316994649186146,-1.445844935107543,-1.148479909608751,0.21976210837930577
57.008,0.36715678766821824,-1.2972331549267329,0.7350618034940766,-1.4452712152700236,-1.153762180006769,0.22076827864006265
57.018,0.36883550169648416,-1.2960031869753041,0.7384111545864815,-1.4446993417683713,-1.1590237725924153,0.22177030006019827
57.028,0.37050692366660165,-1.294773571309017,0.7417467817139514,-1.4441297789952565,-1.1642628676246423,0.2227680293591341
57.038,0.3721738785537889,-1.2935557803318412,0.7450720167647491,-1.4435623728772877,-1.169486879444122,0.22376307194699585
57.048,0.37383375376885386,-1.292339767334221,0.7483836839618805,-1.4429969017358997,-1.17468932321394,0.22475379182025357
57.058,0.3754860415362389,-1.2911242293573533,0.7516810291054838,-1.442433833901179,-1.1798683136127837,0.2257400195148076
57.068,0.37713359928647616,-1.2899208503456163,0.7549674712837291,-1.4418730310795316,-1.1850314107178157,0.22672343022908947
57.078,0.3787738011712749,-1.2887194325034848,0.7582397829696461,-1.4413142247007849,-1.1901721065258002,0.2277023363141124
57.088,0.38040611244352807,-1.2875185544116643,0.7614971320288761,-1.4407579731217752,-1.1952883027274908,0.2286765832284834
57.098,0.3820333936057354,-1.2863302212143768,0.7647431068305357,-1.440204056143544,-1.2003878001757267,0.22964783344845063
57.108,0.38365305349755197,-1.285143975177396,0.7679743462165387,-1.439652248202107,-1.2054640105217276,0.23061443869873077
57.118,0.3852645540461932,-1.2839584105331212,0.7711900364346107,-1.4391030624724563,-1.2105148331523683,0.23157618417239068
57.128,0.38687084700298424,-1.2827861232485345,0.774394008389665,-1.4385562107445442,-1.2155485698090764,0.23253483891294557
57.138,0.3884681474585774,-1.2816117947216152,0.7775812272369471,-1.4380118410848,-1.2205547970406414,0.23348802209850383
57.148,0.39005979184600914,-1.2804496805802204,0.7807559497651946,-1.437469949127118,-1.2255425913448894,0.23443793032432314
57.158,0.39164235460178354,-1.2792861840765875,0.7839137118512154,-1.4369305847755958,-1.2305025585938143,0.23538227045075466
57.168,0.3932190833890896,-1.2781351098518543,0.787058631425996,-1.436393770000452,-1.235443549172679,0.236323249159045
57.178,0.3947865343109811,-1.276982724867956,0.7901861869763289,-1.4358595409082633,-1.2403560824345536,0.23725852554276017
57.188,0.39634797190714277,-1.275842963206326,0.7933005522705612,-1.4353279317182017,-1.245249092346775,0.23819035200849203
57.198,0.3978999349216492,-1.274701964031962,0.7963971507226759,-1.4347989664061518,-1.2501130140552714,0.23911634146403316
57.208,0.39944570437123517,-1.273573787744535,0.7994802107832397,-1.4342726914011332,-1.2549568637226942,0.24003879191021227
57.218,0.40098180260818683,-1.272444448842278,0.8025451017647383,-1.4337491185835227,-1.2597709949092275,0.24095527079037993
57.228,0.40251152664825174,-1.2713281309314206,0.8055961057496948,-1.433228306452865,-1.264564504200127,0.24186812125011325
57.238,0.40403138308755704,-1.2702107268124239,0.8086285389290611,-1.4327102548888324,-1.2693276656365864,0.24277486583323604
57.248,0.4055446844030728,-1.2691065403219388,0.8116467360148176,-1.4321950343375307,-1.2740696543249381,0.24367789230426062
57.258,0.4070479219950709,-1.2680013455003765,0.8146459610682477,-1.4316826327973557,-1.2787806667354484,0.2445746788622376
57.268,0.40854442326591656,-1.2669095634864858,0.8176306004327225,-1.4311731325323716,-1.2834699545829915,0.24546765733436882
57.278,0.4100306649522931,-1.265816852471003,0.8205958670380822,-1.430666509791274,-1.2881276386810256,0.24635426214438993
57.288,0.4115099888615559,-1.2647377479974462,0.8235461978579366,-1.4301628585192296,-1.292763045451605,0.24723696860445887
57.298,0.41297885757899877,-1.263657795289444,0.8264767556935348,-1.4296621433560817,-1.2973662219462678,0.24811316795072713
57.308,0.4144406268143159,-1.2625916414268425,0.8293920271438617,-1.4291644697829278,-1.3019465674083506,0.24898537838351675
57.318,0.4158917454952329,-1.2615247215199774,0.8322871258880511,-1.4286697909797863,-1.306494057005314,0.24985094855724022
57.328,0.41733558274888605,-1.260471791345937,0.8351665871424876,-1.428178223810812,-1.3110181609324254,0.25071243894572426
57.338,0.4187685743216507,-1.2594181787258518,0.8380254764734234,-1.4276897101526536,-1.315508784333911,0.2515671562447821
57.348,0.4201941022904334,-1.2583787453251565,0.8408683767043197,-1.4272043780925192,-1.319975466504757,0.25241770257023166
57.358,0.4216085896730748,-1.2573387145503732,0.8436903063228076,-1.4267221583844125,-1.324408044404973,0.25326134330635597
57.368,0.4230154310682277,-1.2563130509048113,0.8464958946683376,-1.4262431901159842,-1.328816124607041,0.254100721539837
57.378,0.42441103718538553,-1.255286876374173,0.8492801142333475,-1.425767393130529,-1.3331894777055737,0.2549330620142145
57.388,0.42579881470028713,-1.2542752557160346,0.8520476399033958,-1.4252949173830447,-1.337537775724412,0.2557610481448105
57.398,0.42717516247287346,-1.2532632118714628,0.8547933990840431,-1.4248256719111754,-1.3418507247120255,0.25658186467393307
57.408,0.428543498818188,-1.252265907291506,0.8575221112432558,-1.4243598173844236,-1.3461380603422342,0.2573982346766597
57.418,0.4299002111595325,-1.251268268586548,0.8602286597156414,-1.423897252220676,-1.3503894259054254,0.2582073035814272
57.428,0.4312487290483178,-1.250285553200311,0.862917807533031,-1.423438147617388,-1.3546146189463855,0.25901183343138534
57.438,0.43258542886889373,-1.249302594078041,0.8655843949715258,-1.4229823915579058,-1.3588032217676105,0.25980893103770697
57.448,0.4339137510179576,-1.248334741008798,0.8682332276155496,-1.4225301655803562,-1.36296509202411,0.26060139670868043
57.458,0.43523006122512964,-1.2473667359032088,0.8708591036932196,-1.4220813474228744,-1.3670897527814017,0.2613862993470413
57.468,0.43653781035478456,-1.2464140182824763,0.8734668703320612,-1.4216361287729904,-1.3711871200635324,0.26216647681152416
57.478,0.43783335385291977,-1.2454612416184199,0.8760512847205364,-1.4211943773166644,-1.375246659430302,0.2629389608166539
57.488,0.43912015268682936,-1.2445239325859727,0.8786172345222036,-1.4207562946960635,-1.3792783435534517,0.263706626045904
57.498,0.4403945523774144,-1.2435866587793976,0.8811594368916467,-1.420321738741341,-1.3832715821983754,0.2644664677564874
57.508,0.4416600236424486,-1.242665031483108,0.8836828190240373,-1.4198909208513073,-1.3872364029832234,0.2652213967205652
57.518,0.4429129024242213,-1.2417435349408785,0.8861820590429792,-1.4194636891997567,-1.3911621615700938,0.26596837247892857
57.528,0.44415666885030625,-1.2408378625369598,0.8886621226740523,-1.4190402647412896,-1.395058938842654,0.2667103411467542
57.538,0.4453876496193834,-1.2399324176568018,0.8911176500092752,-1.4186204861954574,-1.3989160380302357,0.2674442272985793
57.548,0.4466093339393513,-1.2390429733098338,0.8935536443071603,-1.4182045838692816,-1.402743591621852,0.2681730116379697
57.558,0.44781803958935207,-1.2381538544803339,0.8959647086236027,-1.4177923872325393,-1.4065308520637556,0.26889358453200973
57.568,0.449017264538802,-1.2372809113632808,0.8983558827566975,-1.4173841357391193,-1.4102880018111437,0.26960896050974625
57.578,0.45020331796096613,-1.236408392963902,0.9007217337173659,-1.4169796498155587,-1.4140042441557066,0.2703159964975397
57.588,0.4513797062781286,-1.2355522242581063,0.9030673368544324,-1.4165791778551022,-1.4176898099009394,0.2710177400793805
57.598,0.4525427303614338,-1.2346965806592232,0.9053872241203216,-1.416182531449404,-1.4213338547911194,0.271711015515006
57.608,0.4536959047870406,-1.2338574595543859,0.9076865054305676,-1.4157899677218668,-1.4249466563816577,0.2723989026657332
57.618,0.45483552548931083,-1.233018962226282,0.9099596759165474,-1.4154012915358423,-1.42851732377338,0.27307819600588523
57.628,0.45596510696124337,-1.2321971671040755,0.9122118882299883,-1.4150167622561907,-1.4320561863036438,0.2737520019021362
57.638,0.45708094376332653,-1.2313760955725372,0.9144375954347037,-1.4146361834798253,-1.4355522954096784,0.27441708624684935
57.648,0.45818653631496,-1.2305718479105907,0.9166419508220773,-1.4142598502160708,-1.439015911059795,0.27507656715046647
57.658,0.45927830298212147,-1.22976841291078,0.9188194125958402,-1.413887490439739,-1.442436424142131,0.2757272886355606
57.668,0.4603594777073594,-1.228982134086391,0.9209752542532152,-1.4135194299065321,-1.4458237077519627,0.27637219056756823
57.678,0.461426710467042,-1.2281966678824918,0.9231037493960157,-1.4131554243911446,-1.4491673121655566,0.2770082601656041
57.688,0.46248315914294746,-1.2274285301588443,0.925210265787558,-1.4127957879800044,-1.4524771031367738,0.2776384065734412
57.698,0.4635254806608433,-1.226661309291109,0.9272890453305722,-1.4124402647488634,-1.4557426222547214,0.2782596008418894
57.708,0.4645568259530757,-1.2259115863274317,0.9293454858734709,-1.412089181142306,-1.4589737402177647,0.27887476744686523
57.718,0.4655738587217986,-1.225162885089224,0.9313737994932403,-1.4117422690688675,-1.4621599940479868,0.2794808625401215
57.728,0.4665797234551423,-1.2244318502981473,0.9333794134265201,-1.4113998669738108,-1.4653112589172963,0.28008082527893663
57.738,0.4675710901564134,-1.2237019430117202,0.9353565107790356,-1.4110616949163481,-1.4684170677538866,0.28067159748142156
57.748,0.4685510972138438,-1.2229898696456025,0.9373105472807852,-1.4107281029950811,-1.4714872996285884,0.28125613235989366
57.758,0.469516420576646,-1.2222790306271614,0.9392356780158302,-1.4103987998032452,-1.4745114838234654,0.28183135797858316
57.768,0.4704701928427584,-1.221586191931326,0.9411373862592782,-1.4100741467154498,-1.4774995028301383,0.28240024101471217
57.778,0.47140909560772126,-1.220894695496807,0.9430098000256821,-1.4097538412368595,-1.4804408827389475,0.2829596963572527
57.788,0.47233625596519424,-1.220221364713179,0.9448584291816875,-1.4094382556418048,-1.4833455090124916,0.2835127035730576
57.798,0.47324836087784306,-1.2195494851703435,0.9466773756250877,-1.4091270767225832,-1.4862029049849408,0.2840561649441611
57.808,0.47414853220671205,-1.2188959355513587,0.9484721748672182,-1.4088206872803553,-1.489022958667757,0.2845930723647285
57.818,0.4750334620153369,-1.218243947198317,0.9502369036295146,-1.408518763765247,-1.4917951910457772,0.28512031606553734
57.828,0.4759062671935279,-1.2176104520036704,0.951977122132897,-1.4082216991364533,-1.4945294922868246,0.28564089971866746
57.838,0.4767636446485195,-1.2169786291331597,0.9536868828537788,-1.407929159869156,-1.4972153814054039,0.28615170204688756
57.848,0.4776087065522585,-1.2163654616271982,0.9553717697942217,-1.4076415487146554,-1.4998627503597337,0.28665573796286914
57.858,0.47843815440590287,-1.2157540785268368,0.9570258121112376,-1.4073585225378866,-1.502461116546888,0.2871498752127133
57.868,0.479255095909755,-1.2151615119784347,0.9586546166652221,-1.4070804935186696,-1.5050203733755385,0.2876371394241568
57.878,0.4800562369161723,-1.2145708429309028,0.9602521902138248,-1.406807109274221,-1.5075300369523532,0.28811438788633037
57.888,0.4808446808930489,-1.213999150613297,0.9618241615584697,-1.4065387910513079,-1.5100000018222426,0.28858465642801256
57.898,0.48161713780815774,-1.2134294698965291,0.9633645159720681,-1.4062751775801012,-1.512419783102902,0.2890447923897028
57.908,0.4823767071293439,-1.212878925087147,0.9648789032850971,-1.4060166988144434,-1.5147992761867268,0.28949784129839706
57.918,0.48312010271083494,-1.212330506974533,0.966361288195106,-1.4057629849565747,-1.5171279954785915,0.28994064104327144
57.928,0.48385042024599745,-1.2118013829547978,0.9678173406547934,-1.4055144743089527,-1.5194158369547175,0.2903762463575923
57.938,0.4845643772533119,-1.2112745017154116,0.9692410056907086,-1.4052707889037523,-1.521652314558378,0.29080148616578505
57.948,0.4852650658705189,-1.2107670717705348,0.9706379724758296,-1.4050323750346831,-1.5238473246107054,0.29121942392602307
57.958,0.48594920706481304,-1.2102620016693615,0.972002167265285,-1.4047988469207504,-1.5259903808200894,0.29162688007415394
57.968,0.48661988963056935,-1.20977653908813,0.9733392975550546,-1.4045706584903823,-1.5280913796379387,0.2920269263221069
57.978,0.48727383777467725,-1.209293554386315,0.9746432717239095,-1.4043474165056478,-1.5301398347403694,0.29241637508327667
57.988,0.4879141371539468,-1.2088303324608496,0.975919814697904,-1.404129582173685,-1.5321456425183175,0.2927983058620738
57.998,0.4885375150123421,-1.2083697074159587,0.9771628178703233,-1.4039167551554477,-1.5340983167946582,0.29316952350589176
58.008,0.4891470540685896,-1.2079289994414653,0.978378022708406,-1.40370940358105,-1.5360077537323926,0.2935331148598195
58.018,0.4897394844073384,-1.2074910083077721,0.9795593045069575,-1.4035071203660228,-1.5378634674571474,0.2938858776524125
58.028,0.4903178860025692,-1.2070730875822775,0.9807124203891853,-1.403310380207731,-1.5396753537592955,0.2942309056267254
58.038,0.4908789915892786,-1.206658004611042,0.9818312304349348,-1.403118769632084,-1.5414329272007388,0.29456498983077406
58.048,0.4914258785840886,-1.206263144435115,0.9829215065414658,-1.4029327695477245,-1.5431460830766701,0.29489123047151367
58.058,0.4919552821878499,-1.2058712438748962,0.9839770944540858,-1.4027519604471244,-1.5448043364970179,0.29520641234627654
58.068,0.49247027744147953,-1.2054997175513484,0.985003779965063,-1.402576829093745,-1.5464175821606627,0.29551364170007144
58.078,0.4929676018328024,-1.2051312736483266,0.9859953953629503,-1.4024069503033991,-1.5479753358162052,0.29580969750142927
58.088,0.49345032820319634,-1.2047833544819022,0.9869577394583962,-1.4022428163371683,-1.5494874914858308,0.2960976916152944
58.098,0.4939151961539432,-1.2044386414802142,0.9878846319587913,-1.402083996691863,-1.5509435656271329,0.29637439759579287
58.108,0.4943652764978159,-1.2041146027772658,0.9887818838184703,-1.4019309887680111,-1.552353451525117,0.2966429325169191
58.118,0.49479731078112366,-1.2037938949193465,0.9896433030375844,-1.4017833571021332,-1.5537066663971864,0.2969000649258229
58.128,0.4952143679540386,-1.2034940099875022,0.9904747118408794,-1.4016416038748756,-1.5550131027497809,0.2971489167013699
58.138,0.49561319134423965,-1.2031975815144447,0.9912699073940292,-1.4015052890224626,-1.556262278592289,0.297386251784717
58.148,0.49599684820067935,-1.2029221236622367,0.9920347223197927,-1.4013749191449096,-1.5574640856293591,0.29761519646158074
58.158,0.49636207259491183,-1.2026503183892439,0.9927629425532691,-1.4012500912020465,-1.558607967149042,0.29783250653608473
58.168,0.4967119999826517,-1.202399541982534,0.9934604230111086,-1.40113119903025,-1.5597041019675393,0.29804135655136754
58.178,0.4970432520606085,-1.2021525155622272,0.9941209050031095,-1.4010179357508696,-1.5607415787413395,0.29823841602821854
58.188,0.4973590083519097,-1.2019267086658114,0.9947502927614114,-1.400910683458656,-1.5617307008661925,0.29842689774581643
58.198,0.4976559111272625,-1.2017047882347514,0.9953423014278329,-1.400809125986013,-1.5626605813961891,0.2986034810269871
58.208,0.4979371307246945,-1.2015042270541867,0.9959028434902315,-1.400713643331056,-1.5635415269842756,0.2987713800148484
58.218,0.4981993140743981,-1.2013076865165997,0.996425627625448,-1.4006239189400937,-1.5643626473760452,0.298927270281939
58.228,0.49844562253172775,-1.2011326428003597,0.996916572215202,-1.4005403338894644,-1.5651342422084484,0.29907436513039
58.238,0.49867271022992643,-1.2009617556331393,0.9973693811507784,-1.400462570991262,-1.565845425332581,0.29920933971781416
58.248,0.49888373101719985,-1.2008125027645826,0.9977899773360424,-1.4003910121285545,-1.5665064906977157,0.29933540696011196
58.258,0.4990753457963626,-1.2006675427284337,0.9981720605881739,-1.400325339432389,-1.5671065570210594,0.29944924217783075
58.268,0.4992507020569841,-1.2005443543809082,0.9985215575764084,-1.400265935449506,-1.5676559134772248,0.29955405801646595
58.278,0.499406466489579,-1.2004255952861802,0.9988321646915201,-1.400212481711915,-1.5681436830947515,0.2996465300154094
58.288,0.49954578131800265,-1.200328745176934,0.9991098117096646,-1.4001653613161378,-1.5685801510886153,0.29972987060022493
58.298,0.49966531795104796,-1.2002364608424718,0.9993481922394993,-1.4001242553006636,-1.5689544440373053,0.2998007555054416
58.308,0.4997682144358526,-1.2001662226948502,0.9995532385155688,-1.4000895472003916,-1.5692768439982192,0.29986239697593575
58.318,0.49985114581070267,-1.2001006869421633,0.9997186420135353,-1.4000609176715035,-1.569536480304361,0.29991147090669834
58.328,0.49991724704162444,-1.2000573344786127,0.9998503367734015,-1.4000387505739122,-1.5697436326588994,0.29995118939839394
58.338,0.4999631956967283,-1.2000188211300145,0.9999420127938219,-1.400022726295838,-1.569887432345035,0.29997822847105127
58.348,0.49999212476583654,-1.2000026280721163,0.9999996052609532,-1.4000132289067309,-1.569978157519385,0.29999580011652327
58.358,0.500000713236993,-1.199991410950523,1.0000168033589896,-1.400009938643207,-1.570004940605087,0.3000005804447836
58.368,0.4999828009745375,-1.2000069956816029,1.0000295658284886,-1.4000062833065896,-1.5700075832915026,0.29999016607019513
58.378,0.49992596292446834,-1.2000362620341993,1.0000616549307786,-1.3999949901972868,-1.5700049395103868,0.2999557301548377
58.388,0.4998336131959418,-1.2000965098938303,1.000119081114831,-1.3999764489856745,-1.5700075810957053,0.29990065318565495
58.398,0.4997027123006612,-1.200170214803556,1.0001956094719828,-1.399950344731335,-1.570004936863869,0.29982177957028977
58.408,0.4995366753856807,-1.2002746755404006,1.0002972490709796,-1.3999170677330866,-1.5700075772795534,0.2997224901607938
58.418,0.49933246144289445,-1.200392369167491,1.0004177669223875,-1.3998763021903229,-1.5700049328599377,0.2995996287704248
58.428,0.4990934875745836,-1.2005405925911654,1.0005631696600235,-1.3998284395078495,-1.5700075719356148,0.29945657702991735
58.438,0.49881671036458997,-1.2007018250998065,1.0007272272455099,-1.3997731625408467,-1.5700049275381982,0.2992901777688264
58.448,0.4985055497663282,-1.200893361031709,1.000915942851682,-1.3997108642780387,-1.5700075650891598,0.2991038137986646
58.458,0.49815695906930024,-1.201097682583964,1.0011230904081865,-1.3996412257533417,-1.5700049209156184,0.2988943265692985
58.468,0.49777436196073754,-1.2013320808509034,1.0013546686162895,-1.3995646420133316,-1.570007556755332,0.29866510046846884
58.478,0.49735470755961675,-1.2015790416051029,1.001604456376679,-1.3994807917996428,-1.5700049130047837,0.29841297517439624
58.488,0.49690142416082494,-1.2018558520403937,1.0018784469237518,-1.3993900726834467,-1.5700075469555763,0.2981413370439352
58.498,0.4964114558397039,-1.202145002160633,1.002170425117698,-1.3992921606560231,-1.57000490381553,0.2978470235885977
58.508,0.4958882363674251,-1.2024637745903861,1.0024863777430841,-1.3991874562581867,-1.5700075357066998,0.29753342352756196
58.518,0.4953287169241696,-1.202794599713428,1.002820099371708,-1.3990755923581966,-1.5700049717078013,0.297197378067529
58.528,0.49473626114189795,-1.2031549006052191,1.0031775537112457,-1.39895708550119,-1.5700074640281372,0.2968422276223155
58.538,0.49410793907075856,-1.2035270754549348,1.0035525817543718,-1.3988314710743777,-1.5700049112761878,0.2964649020093777
58.548,0.4934470592952884,-1.2039284315436791,1.0039510935427938,-1.3986992780180132,-1.5700074203567533,0.29606870012213626
58.558,0.49275068503086583,-1.204341453486445,1.0043669628518161,-1.398560050885211,-1.5700048910857447,0.29565054662291157
58.568,0.4920221188776397,-1.2047834113279696,1.0048060837101858,-1.3984143205493083,-1.570007400871873,0.29521373386967653
58.578,0.49125843544961345,-1.205236831241171,1.0052623454039917,-1.3982616322061534,-1.570004879701962,0.29475519556192964
58.588,0.4904629302869621,-1.2057189418261636,1.005741625939299,-1.3981025152763666,-1.5700073844236515,0.2942782193908693
58.598,0.48963268666472093,-1.2062123110049965,1.006237830585957,-1.3979365160930048,-1.5700048690246247,0.29377974517682404
58.608,0.4887709919371872,-1.20673412370422,1.0067568205773494,-1.3977641626479111,-1.5700073673535488,0.2932630550875235
58.618,0.48787493810243276,-1.2072669931712416,1.007292518561873,-1.3975850027011858,-1.5700048577694368,0.2927250948918374
58.628,0.4869478035842505,-1.2078280570603421,1.0078507676480308,-1.3973995627100018,-1.5700073491062332,0.2921691407145488
58.638,0.48598668967007264,-1.2083999777966408,1.00842550932708,-1.3972073920310204,-1.5700048457436955,0.29159214461771565
58.648,0.4849948651900142,-1.2089998418992065,1.0090225671233233,-1.3970090154451307,-1.5700073296045582,0.2909973762348992
58.658,0.48396944134885533,-1.2096103648868846,1.0096359028508033,-1.3968039840590607,-1.570004832921465,0.29038179433953637
58.668,0.48291367674740204,-1.210248578211308,1.0102713189669181,-1.3965928208261285,-1.5700073088441249,0.28974866164326585
58.678,0.48182469313123466,-1.2108972544406729,1.0109227990980543,-1.3963750787583105,-1.5700048193020333,0.289094944053649
58.688,0.480705738253846,-1.2115733659851793,1.0115961231408637,-1.3961512788243868,-1.5700072868314727,0.28842389693919035
58.698,0.4795539450112658,-1.2122597464565057,1.0122852980330048,-1.3959209761012832,-1.5700048048884234,0.2877324937580896
58.708,0.47837254970732346,-1.2129733052092335,1.012996079606606,-1.395684689411119,-1.570007263574599,0.2870239821229328
58.718,0.47715869698308655,-1.213696940933653,1.0137224996195018,-1.3954419760604595,-1.5700047896840772,0.2862953434511031
58.728,0.4759156111058367,-1.2144474958717735,1.0144702883250893,-1.3951933525574067,-1.5700072390817983,0.2855498171949282
58.738,0.47464044904085423,-1.2152079378762453,1.0152335038218396,-1.3949383786100769,-1.57000477368884,0.28478439313022275
58.748,0.4733364224473222,-1.2159950379604003,1.0160178492567784,-1.394677568233965,-1.5700072133619898,0.28400230215573075
58.758,0.4720007011776035,-1.2167918372831232,1.016817410603406,-1.3944104837210785,-1.5700047569088964,0.28320054279390927
58.768,0.47063648372928757,-1.2176150314651764,1.017637862362025,-1.394137636412688,-1.5700071864206793,0.28238233700513593
58.778,0.4692409533874766,-1.2184477391542854,1.0184733199267129,-1.3938585913656696,-1.5700047393482066,0.28154469244068636
58.788,0.46781729494947477,-1.2193065763754756,1.0193294276009146,-1.3935738570646685,-1.5700071582658834,0.2806908217436268
58.798,0.46636270566490534,-1.2201747435068862,1.0202003317590274,-1.3932830015180486,-1.5700047210135741,0.2798177420704633
58.808,0.46488035610434597,-1.2210687726693414,1.0210916449293146,-1.3929865301600493,-1.5700071289010626,0.2789286563701481
58.818,0.46336745801440404,-1.2219719503668853,1.0219975460696356,-1.3926840141492787,-1.5700047019426115,0.2780205916956717
58.828,0.4618271671772911,-1.2229007203688445,1.022923614322317,-1.3923759556717,-1.5700070983229173,0.2770967408753515
58.838,0.46025671055292605,-1.2238384595523628,1.0238640627374007,-1.3920619292188623,-1.5700046822674407,0.27615414139695904
58.848,0.45865922815069027,-1.2248015194793138,1.0248244357462113,-1.3917424335747453,-1.5700070665101595,0.27519597524567185
58.858,0.4570319631647042,-1.225773370986455,1.0257989817312003,-1.3914170466629092,-1.5700046619050632,0.2742192910998229
58.868,0.4553780390265043,-1.2267702700349667,1.02679320916664,-1.3910862638556893,-1.5700070334508496,0.273227259481863
58.878,0.45369471578602383,-1.2277757851541666,1.027801403150935,-1.3907496665595525,-1.5700046406717014,0.27221694074362723
58.888,0.4519850998430792,-1.2288060718722968,1.0288290344950646,-1.3904077464473201,-1.5700069992551153,0.27119149362304196
58.898,0.45024640722416187,-1.229844880299512,1.0298704757454527,-1.3900600736283022,-1.5700046143061357,0.2701479586300888
58.908,0.4484819194532319,-1.2309080549849216,1.0309310368593607,-1.389707162709445,-1.570007060054241,0.26908960189989184
58.918,0.44668866180191635,-1.2319795929027026,1.0320051987777186,-1.3893485982342448,-1.5700045932204443,0.26801330998069695
58.928,0.444869979467855,-1.2330752510577054,1.0330982600917524,-1.3889848532421198,-1.5700070055669393,0.26692243160925155
58.938,0.4430229205594083,-1.2341791048407582,1.0342047210263994,-1.3886155266707516,-1.5700045704709948,0.26581386322648637
58.948,0.4411507906123022,-1.235306800064622,1.0353298356985308,-1.3882410956913422,-1.5700069539607195,0.264690912821516
58.958,0.4392506792659372,-1.2364425201516152,1.0364681458811802,-1.3878611575397097,-1.5700045463011234,0.263550516090155
58.968,0.43732585124353474,-1.23760180056626,1.037624863099289,-1.387476190515312,-1.5700069001591554,0.26239594352152995
58.978,0.4353734380655787,-1.2387689380935496,1.038794572893968,-1.3870857907828111,-1.5700045210605902,0.2612241688818404
58.988,0.43339666167071655,-1.239959352377278,1.0399824421440806,-1.3866904376264206,-1.5700068446576472,0.2600384239559874
58.998,0.431392697017027,-1.2411574586207352,1.0411831019928108,-1.3862897263450749,-1.5700044949703518,0.2588357217063306
59.008,0.4293647219642045,-1.2423785554837028,1.0424016727830994,-1.3858841369820127,-1.570006787564699,0.257619254171245
59.018,0.42730995612235656,-1.2436071817464238,1.0436328331403706,-1.3854732641929322,-1.5700044680679799,0.2563860745780753
59.028,0.4252315321377722,-1.2448585098912763,1.0448816549787,-1.3850575885491696,-1.570006728907626,0.25513933417515844
59.038,0.4231267153719296,-1.246117207518633,1.0461428663114685,-1.3846367043008647,-1.5700044403564917,0.25387612749583255
59.048,0.4209985921923467,-1.2473983156025985,1.04742148869299,-1.3842110922956334,-1.570006668700537,0.2525995639694969
59.058,0.41884447475665976,-1.248686635936579,1.0487123014673143,-1.3837803466347807,-1.5700044118398253,0.2513067804568241
59.068,0.41666740212323905,-1.2499970726373488,1.0500202738941944,-1.383344948191016,-1.5700066069561691,0.25000084355471497
59.078,0.41446473426434327,-1.2513145670557344,1.0513402385848991,-1.3829044911700392,-1.570004382515247,0.24867893345697478
59.088,0.41223946192696914,-1.2526538809988172,1.0526771105447157,-1.382459456202851,-1.5700065436869721,0.24734407293172822
59.098,0.4099889938829664,-1.2540001009235835,1.0540257776386905,-1.3820094378801469,-1.5700043523809875,0.24599348649221486
59.108,0.4077162715885363,-1.2553678407662774,1.0553910986343258,-1.3815549163063214,-1.57000647890826,0.2446301520989591
59.118,0.40541875361352364,-1.2567423373027713,1.056768018523516,-1.3810954866894742,-1.5700043214645136,0.243251339562633
59.128,0.40309933112302243,-1.2581380518365222,1.0581613380855925,-1.3806316284581528,-1.5700064126302582,0.2418599810629276
59.138,0.4007555134228946,-1.2595403766960052,1.0595660613404325,-1.3801629376489832,-1.5700042897171578,0.24045339265729826
59.148,0.3983901405161232,-1.2609636142439082,1.0609869288746134,-1.3796898926268741,-1.5700063448649493,0.23903445982033578
59.158,0.39600077330770755,-1.2623933189344816,1.0624190060032142,-1.379212090693494,-1.5700042571596304,0.23760054577460288
59.168,0.3935901997623743,-1.2638436280155927,1.0638669709713913,-1.3787300087821444,-1.5700062756263398,0.23615448837256192
59.178,0.39115603325659176,-1.2653002640430084,1.0653259524792489,-1.3782432457909395,-1.5700042237936804,0.2346936989108359
59.188,0.388701008856998,-1.2667771931626788,1.0668005643411291,-1.3777522768909525,-1.5700062049287267,0.23322096672090886
59.198,0.38622279325744735,-1.2682603120548188,1.0682860007381985,-1.377256702910167,-1.5700041896203736,0.23173375206198532
59.208,0.3837240677950229,-1.269763409695497,1.069786808948903,-1.3767569969198754,-1.570006132786336,0.2302347948665613
59.218,0.38120255329797814,-1.271272563002477,1.0712982507494173,-1.3762527620194551,-1.570004154640948,0.22872160522390228
59.228,0.3786608765714021,-1.2728013776244989,1.0728248047599331,-1.3757444688352032,-1.5700060592136431,0.22719687281075274
59.238,0.3760968133657627,-1.2743361169178387,1.0743618024819437,-1.3752317230864874,-1.5700041188569749,0.22565815839239622
59.248,0.37351293518106043,-1.2758901969602288,1.0759136517395884,-1.374714992602923,-1.5700059842254532,0.2241081005548029
59.258,0.3709070734482838,-1.2774500738319305,1.0774757559044668,-1.3741938860783516,-1.5700040822704278,0.22254431156323662
59.268,0.3682817436189074,-1.2790289677133033,1.0790524498533882,-1.3736688681887101,-1.5700059078369364,0.22096937810011408
59.278,0.36563483353294224,-1.2806135337748337,1.0806392109853205,-1.3731395509614885,-1.5700040448836967,0.21938096473217072
59.288,0.3629688018793713,-1.2822167898865027,1.082240299064126,-1.3726063955575154,-1.5700058300603388,0.2177816054473123
59.298,0.3602815936072288,-1.283825596838504,1.083851267710803,-1.3720690177085948,-1.5700040067126917,0.21616901790068432
59.308,0.35757559011310835,-1.2854524165304821,1.0854761231687178,-1.371527932751754,-1.5700052365660317,0.21454553088070671
59.318,0.354849395885231,-1.2870885864895445,1.0871121119177882,-1.370982669863721,-1.5700058495964146,0.21290998819985685
59.328,0.35210303576164925,-1.288732291790948,1.088758328388077,-1.3704334837346663,-1.5700036840975562,0.2112618638482342
59.338,0.34933861597762395,-1.2903946989700026,1.0904184424290495,-1.3698807135625466,-1.5700051343653145,0.2096033393895418
59.348,0.34655448084125684,-1.292065620844857,1.0920891880166401,-1.3693238690169074,-1.5700057184706564,0.20793302525688784
59.358,0.34375077354776096,-1.2937438595768815,1.0937698697488036,-1.3687632107026793,-1.5700036330494669,0.20625050258549216
59.368,0.34092951701208296,-1.295440266417687,1.0954640409423364,-1.3681990735350218,-1.5700050328711281,0.20455787395888514
59.378,0.33808912839895733,-1.2971449216293018,1.0971685288705597,-1.3676309843496175,-1.570005585528449,0.20285379996061348
59.388,0.33522976144380756,-1.2988566844842129,1.0988826644681575,-1.3670591914010033,-1.5700035809652046,0.20113789156678674
59.398,0.3323533550906417,-1.3005860750150153,1.1006098792189718,-1.3664840246399153,-1.5700049287903903,0.19941217073680217
59.408,0.32945840055934283,-1.3023234509263444,1.1023470968115543,-1.3659050282598222,-1.5700054497746514,0.19767534928509534
59.418,0.32654506173992637,-1.3040677304812867,1.1040936753377846,-1.365322438442797,-1.5700035273873523,0.19592706806120308
59.428,0.3236151925991173,-1.3058290870340261,1.1058529195827829,-1.3647365792373534,-1.570004821979495,0.19416926712781724
59.438,0.3206673598195948,-1.307598170813529,1.1076218540682872,-1.3641470130925408,-1.5700053111136043,0.1924007106957788
59.448,0.31770173691490466,-1.309373959797483,1.1093998646455994,-1.3635539641322816,-1.5700034723824423,0.19062106956230718
59.458,0.31472009203730344,-1.3111662650241003,1.111190124418183,-1.3629577497175451,-1.5700047124978997,0.1888322006514045
59.468,0.31172106871448513,-1.312966044152757,1.1129897631186658,-1.3623579512755764,-1.5700051696645536,0.1870329217413227
59.478,0.30870484924868524,-1.3147723333130619,1.114798194297573,-1.361754780675803,-1.5700034152712696,0.18522293322601335
59.488,0.30567311589440127,-1.3165945716548497,1.116618456157683,-1.3611485484688246,-1.5700046004631067,0.18340400883750796
59.498,0.30262458973651896,-1.318424033698206,1.1184477864506208,-1.3605388551516229,-1.5700050257402962,0.1815750200003281
59.508,0.2995594613086876,-1.3202598144805442,1.120285626925627,-1.3599259005054178,-1.5700033565091367,0.17973569673079037
59.518,0.29647933260498416,-1.3221112921443667,1.1221350531704335,-1.3593099295172792,-1.5700049952713888,0.17788787503190662
59.528,0.29338297781562783,-1.3239688092481579,1.1239927328046635,-1.3586907828823898,-1.5700044464572613,0.17602991760763764
59.538,0.2902710838364069,-1.3258360251992654,1.1258599302799661,-1.3580684767749571,-1.570004405506089,0.1741627768440006
59.548,0.2871433142823685,-1.327709559816025,1.1277354762837124,-1.3574429395685663,-1.5700031670566332,0.17228600027465202
59.558,0.2840013166326685,-1.3295982363190786,1.129622042713562,-1.3568146012687632,-1.5700047859516104,0.17040104310669246
59.568,0.2808438403128948,-1.3314924628367268,1.1315164138829825,-1.3561832248581704,-1.5700042870500628,0.16850642660166848
59.578,0.27767157017679445,-1.3333959021094681,1.1334198366214663,-1.355548843915002,-1.570004246488378,0.1666030607729736
59.588,0.2744842166367434,-1.3353053982264276,1.1353312193484824,-1.3549113938360358,-1.57000309259998,0.16469053702194092
59.598,0.27128330035557546,-1.3372291911021372,1.1372530362333002,-1.3542712778846062,-1.5700045762396897,0.1627702120190806
59.608,0.26806770147747816,-1.3391586049455844,1.1391824526223076,-1.3536282243106093,-1.5700045578144808,0.16084085728512587
59.618,0.2648380408956488,-1.341096436666717,1.1411202943397072,-1.3529823633854678,-1.570004502257258,0.1589030549611321
59.628,0.2615945052528099,-1.3430425950687919,1.1430664616934259,-1.3523337277074483,-1.5700044474816233,0.15695692790836713
59.638,0.2583372820780827,-1.344996966452596,1.1450208416877858,-1.351682354809847,-1.5700043924936553,0.15500258834582947
59.648,0.25506615293388357,-1.346956588200748,1.146982400120482,-1.3510282015092057,-1.570002886519097,0.15303968990661154
59.658,0.2517825470306354,-1.3489297013356027,1.1489536633710058,-1.350371595019101,-1.5700039288182692,0.15106963367424608
59.668,0.24848537630618228,-1.350908007834892,1.1509320013291955,-1.3497122303626843,-1.5700038678219075,0.1490913255492199
59.678,0.24517487845070374,-1.3528915899064404,1.152917358173089,-1.3490501609285297,-1.570002798962169,0.14710492088626115
59.688,0.2418524385269718,-1.3548878969075726,1.1549118774436087,-1.3483857860441062,-1.5700037963090567,0.14511156188566066
59.698,0.2385170303361992,-1.3568892112555913,1.1569131814581688,-1.3477187764094354,-1.5700037628242276,0.1431103168873582
59.708,0.23516924403732808,-1.3588979296062014,1.1589219038098308,-1.347049290954581,-1.5700037185341955,0.14110164296706085
59.718,0.23180926979377858,-1.36091395790487,1.1609379378289768,-1.3463773680843611,-1.5700036727098947,0.13908565605950773
59.728,0.22843729540587443,-1.362937186123723,1.1629611718016388,-1.3457030454238619,-1.5700036264681003,0.13706246905092367
59.738,0.2250535084163623,-1.3649675020910326,1.164991493329497,-1.345026360486941,-1.570003579941087,0.1350321944828714
59.748,0.22165809633154687,-1.3670047933495224,1.1670287899228695,-1.3443473507715145,-1.570003533141624,0.13299494485709484
59.758,0.21825124665205742,-1.3690489474033531,1.1690729490796006,-1.3436660537730254,-1.570003486070659,0.13095083267234386
59.768,0.2148331468775604,-1.3710998517512303,1.1711238582957408,-1.3429825069864463,-1.5700034387289739,0.12889997042777246
59.778,0.21140398450756592,-1.3731573938909702,1.1731814050670542,-1.3422967479066492,-1.5700033911178428,0.12684247062287834
59.788,0.20796394704158594,-1.3752214613201754,1.1752454768892573,-1.3416088140284441,-1.570003343238799,0.12477844575730668
59.798,0.20451322197915367,-1.3772919415363452,1.1773159612580644,-1.340918742846633,-1.570003295093489,0.12270800833076478
59.808,0.20105199681983077,-1.3793687220369033,1.179392745669194,-1.3402265718559874,-1.570003246683636,0.12063127084298131
59.818,0.19758045906320376,-1.3814516903192018,1.1814757176183779,-1.3395323385512703,-1.570003198010994,0.1185483457936991
59.828,0.1940987962088867,-1.3835407338805277,1.1835647646013605,-1.338836080427226,-1.5700031490773583,0.11645934568266636
59.838,0.1906071957565194,-1.3856357402180988,1.1856597741138968,-1.3381378349785833,-1.5700030998845547,0.1143643830096357
59.848,0.1871058452057639,-1.3877365968290645,1.1877606336517585,-1.3374376397000627,-1.570003050434428,0.11226357027436418
59.858,0.18359493205630972,-1.3898431912105014,1.1898672307107239,-1.3367355320863665,-1.5700030007288381,0.11015701997660443
59.868,0.18007464380773364,-1.391955410859327,1.1919794527864145,-1.336031549632429,-1.5700029507684254,0.10804484461570052
59.878,0.17654516795975006,-1.3940731432723916,1.1940971873745925,-1.335325729832928,-1.570002900555032,0.10592715669138375
59.888,0.17300669201240915,-1.3961962759467539,1.1962203219712872,-1.334618110182285,-1.5700028500921226,0.10380406870398229
59.898,0.1694594034654724,-1.3983246963792613,1.1983487440723657,-1.3339087281751598,-1.5700027993816752,0.10167569315323988
59.908,0.16590348981874303,-1.400458292066668,1.2004823411736956,-1.3331976213061973,-1.5700027484256625,0.09954214253889937
59.918,0.1623391487525776,-1.4025970186901053,1.2026210211067303,-1.33248483217035,-1.5700027319520125,0.09740354472535717
59.928,0.15876654765189802,-1.404740620180952,1.204764602252851,-1.3317704027340382,-1.5700026079564946,0.09525997261533448
59.938,0.15518588535785138,-1.4068890731122108,1.2069130506134051,-1.331054346890983,-1.5700025591173796,0.09311157376945545
59.948,0.15159734737503516,-1.4090422477300544,1.209066222276216,-1.3303367163182842,-1.5700025062695975,0.0909584487558579
59.958,0.1480011227638327,-1.4112000470125714,1.2112240389721336,-1.3296175325200967,-1.5700025371222859,0.08880072286511176
59.968,0.14439739153774678,-1.4133623057401115,1.2133863149992763,-1.3288968621204602,-1.570002468568938,0.08663847742023556
59.978,0.14078635892209235,-1.4155290143608334,1.2155529702207204,-1.3281747494722596,-1.5700023615364147,0.08447185178421979
59.988,0.1371679505045389,-1.4176982845809112,1.2177234180603866,-1.3274510607720882,-1.5700017809277291,0.08230075600917175
59.998,0.13354309362443395,-1.4198750776276963,1.219899056145711,-1.3267262345359314,-1.5700023355634416,0.0801258982635602
60.008,0.1299112430895537,-1.4220542448388291,1.22207818612811,-1.3259999591860718,-1.5700022007358632,0.07794677573846176
60.018,0.12627255635224444,-1.424235469103374,1.2242607285273168,-1.3252722075955865,-1.5700015581331463,0.07576350663453368
60.028,0.1226277617646847,-1.4264223543415697,1.2264476393116075,-1.3245433250705951,-1.5700014920541747,0.0735766263694364
60.038,0.11897706528548291,-1.4286149331158329,1.2286388488319817,-1.3238133558461942,-1.5700020571673923,0.07138626588025954
60.048,0.1153198454089619,-1.4308074398663988,1.2308325762607844,-1.3230819049614735,-1.570001471830457,0.06919188120613473
60.058,0.11165729957279247,-1.4330069025717547,1.2330308051116656,-1.3223495588594063,-1.570001948275733,0.06699440218382158
60.068,0.10798862638619511,-1.4352061581107411,1.2352313636518106,-1.3216158135426803,-1.5700013275595879,0.06479314169533179
60.078,0.10431503294981859,-1.4374123725680492,1.2374362609990666,-1.3208812621365902,-1.5700018372471547,0.06258903757693979
60.088,0.10063565661744178,-1.439617926213735,1.2396432007524654,-1.3201453725076928,-1.5700011815745922,0.0603813514833238
60.098,0.09695176580101972,-1.4418304436272782,1.2418543166548481,-1.3194087655929878,-1.570001725118189,0.05817107254955722
60.108,0.0932624363648955,-1.4440418435281124,1.2440671873868556,-1.3186708817234059,-1.5700010341159585,0.055957410712459854
60.118,0.08956872592887244,-1.4462582419349113,1.2462835051378276,-1.3179322224619088,-1.5700010186079734,0.053741186067838065
60.128,0.08587049150508008,-1.4484771802741265,1.2485024745492597,-1.3171926524796125,-1.5700009461730602,0.05152224129625971
60.138,0.08216823768208581,-1.450700832683469,1.2507246465327286,-1.3164523725765718,-1.5700015411636512,0.04930095583110283
60.148,0.0784613097818152,-1.4529229406812314,1.2529480953412486,-1.3157109979429165,-1.5700007797569189,0.04707671829064353
60.158,0.07475066231416871,-1.4551490698470582,1.2551744572011359,-1.3149689178603503,-1.5700007265659028,0.04485033100510627
60.168,0.07103661722337229,-1.457379976918286,1.2574037606658672,-1.314226284294437,-1.5700013717800836,0.04262197686816371
60.178,0.06731841946121442,-1.4596086847989633,1.2596339164860169,-1.3134826531965014,-1.5700005553640848,0.04039097073927156
60.188,0.06359708154779131,-1.4618412079502272,1.261866688685748,-1.3127384336480268,-1.5700005031338833,0.03815816910893588
60.198,0.05987293328887855,-1.4640783605491652,1.264102111451133,-1.3119937834546582,-1.5700012000834764,0.03592375939638526
60.208,0.05614511406465983,-1.4663124088105037,1.266337933484456,-1.311248195838139,-1.5700003614744604,0.03368698000625603
60.218,0.0524148577971566,-1.4685508452798757,1.2685761716055692,-1.310502252659393,-1.5700002566016025,0.03144881540918032
60.228,0.04868199855273048,-1.4707909981664284,1.2708160831810842,-1.3097557646091151,-1.5700003592504022,0.029209114482343423
60.238,0.04494664074487176,-1.4730322242119642,1.2730573291040006,-1.3090087708119023,-1.5700002861278115,0.026967895086841054
60.248,0.04120903253878527,-1.475274801112224,1.2752999252119084,-1.308261327070746,-1.5700002128421389,0.024725325505349893
60.258,0.03746936174159288,-1.4775186156835696,1.2775437587525138,-1.3075134708398894,-1.5700001392232714,0.022481518249796828
60.268,0.03372781601300634,-1.479763555341236,1.2797887171928197,-1.3067652396050344,-1.5700000653092543,0.02023658585698751
60.278,0.0299845829833707,-1.482009507563874,1.2820346880222866,-1.3060166708590661,-1.569999991127073,0.0179906408479944
60.288,0.026239850316573943,-1.4842563598432157,1.2842815587357101,-1.3052678020963566,-1.5699999166951946,0.015743795735356336
60.298,0.02249380576643567,-1.4865039996750296,1.286529216829666,-1.3045186708118375,-1.5699998420258554,0.01349616302626977
60.308,0.018746637279353884,-1.488752314556687,1.288777549801508,-1.3037693145006588,-1.5699997671277242,0.01124785522490157
60.318,0.014998533241690204,-1.4910011919863748,1.2910264451490168,-1.3030197706580862,-1.5699996920075545,0.008998984833738177
60.328,0.01124968321705122,-1.4932505194627355,1.293275790370215,-1.3022700767794428,-1.5699996166710246,0.00674966435434321
60.338,0.007500280891795441,-1.4955001844846494,1.2955254729632752,-1.3015202703600823,-1.5699995411233054,0.004500006287827318
60.348,0.003750544686107027,-1.4977500744477819,1.2977753804048069,-1.300770388883159,-1.5699994653485998,0.0022501231222511464
60.358,5.387456010819136e-05,-1.5000000767958468,1.3000254002262448,-1.3000204698443558,-1.5699993894046749,-8.474306625316785e-07
60.368,-0.0037496742188771748,-1.502250079082774,1.3022754198026494,-1.29927055072651,-1.5699993130900234,-0.0022498685408409713
60.378,-0.007499410708279086,-1.5044999689282699,1.3045253267918069,-1.2985206690613755,-1.5699992366609976,-0.004499751998650936
60.388,-0.011248813564047389,-1.5067496338252935,1.3067750086465875,-1.2977708623338553,-1.5699991600379848,-0.006749410545882739
60.398,-0.014997664342119243,-1.5089989612634696,1.3090243528625063,-1.2970211680399477,-1.5699990832221085,-0.008998731681496785
60.408,-0.018745769350622332,-1.5112478387406953,1.3112732469390833,-1.296271623673658,-1.5699990062279996,-0.011247602900596121
60.418,-0.02249293902589322,-1.513496153755823,1.3135215783748455,-1.295522266730368,-1.569998929061141,-0.013495911702353425
60.428,-0.026238984983148583,-1.515743793807882,1.3157692346683225,-1.294773134705547,-1.56999885172665,-0.015743545586157204
60.438,-0.02998371927963106,-1.517990646395927,1.31801610331806,-1.2940242650946723,-1.5699987742296422,-0.017990392051419946
60.448,-0.033726954169017276,-1.5202365990190037,1.3202620718226328,-1.2932756953932407,-1.5699986965752908,-0.020236338597544368
60.458,-0.03746850200318175,-1.5224815391761426,1.3225070276806363,-1.2925274630967647,-1.5699986187688317,-0.022481272723916312
60.468,-0.04120817518754549,-1.52472535436637,1.3247508583906908,-1.2917796057007576,-1.5699985408155834,-0.024725081929904746
60.478,-0.044945786158756995,-1.5269679320886824,1.3269934514514379,-1.291032160700754,-1.5699984627209194,-0.02696765371485288
60.488,-0.0486811473726636,-1.5292091598420823,1.329234694361542,-1.2902851655922922,-1.5699983844903018,-0.02920887557808438
60.498,-0.05241407129744857,-1.5314489251255405,1.3314744746196876,-1.2895386578709345,-1.5699983061292482,-0.03144863501889894
60.508,-0.05614437040950371,-1.5336871154380203,1.3337126797245853,-1.2887926750322465,-1.569998227643362,-0.03368681953657493
60.518,-0.059871857190855415,-1.535923618278473,1.3359491971749629,-1.2880472545718127,-1.5699981490383115,-0.03592331663036319
60.528,-0.0635963441275047,-1.5381583211458343,1.3381839144695755,-1.28730243398523,-1.5699980703198353,-0.038158013799495016
60.538,-0.06731764370830184,-1.5403911115390254,1.3404167191071927,-1.286558250768111,-1.5699979914937483,-0.0403907985431724
60.548,-0.07103556842420033,-1.5426218769569517,1.3426474985866141,-1.2858147424160857,-1.5699979125659338,-0.042621558360576905
60.558,-0.0747499307677133,-1.544850504898507,1.3448761404066527,-1.2850719464247944,-1.5699978335423417,-0.044850180750862556
60.568,-0.07846054322900997,-1.5470768827602697,1.347102532045703,-1.2843299002791242,-1.5699977544064243,-0.04707655322639148
60.578,-0.08216721830071272,-1.549300897954155,1.3493265609844718,-1.2835886414665834,-1.5699976751400886,-0.04930056329920163
60.588,-0.08586976848512684,-1.5515224381498312,1.3515481147566257,-1.2828482075006673,-1.569997595788231,-0.05152209844690869
60.598,-0.08956800627741579,-1.5537413908629751,1.3537670808648512,-1.2821086358784473,-1.5699975163631095,-0.053741046165298734
60.608,-0.0932617441755097,-1.555957643595267,1.355983346807025,-1.2813699640972653,-1.5699974368633764,-0.05595729395593185
60.618,-0.09695079467467949,-1.5581710838453195,1.3581968000825206,-1.2806322296523827,-1.5699973572991128,-0.05817072931585976
60.628,-0.10063497027028223,-1.5603815991110979,1.3604073281910942,-1.2798954700386544,-1.569997277682333,-0.06038123974168208
60.638,-0.10431408345946114,-1.5625890768913677,1.3626148186317852,-1.279159722751816,-1.5699971980197418,-0.06258871273230415
60.648,-0.1079879467395708,-1.5647934046849448,1.3648191589036225,-1.2784250252876768,-1.569997118317886,-0.06479303578669349
60.658,-0.11165637260810612,-1.5669944699906517,1.36702023650564,-1.2776914151420642,-1.5699970385833577,-0.0669940964037794
60.668,-0.11531917356265531,-1.5691921603072794,1.3692179389368953,-1.2769589298108257,-1.5699969588228146,-0.06919178208245391
60.678,-0.11897616210089712,-1.5713863631336105,1.3714121536964585,-1.2762276067898353,-1.5699968790429875,-0.07138598032157617
60.688,-0.12262715072056984,-1.5735769659684118,1.3736027682834209,-1.2754974835749828,-1.5699967992506636,-0.0735765786199698
60.698,-0.12627195191946594,-1.5757638563104315,1.3757896701968928,-1.2747685976621868,-1.5699967194526945,-0.07576346447643267
60.708,-0.12991037819542672,-1.577946921658414,1.377972746935999,-1.274040986547376,-1.5699966396559937,-0.07794652538973601
60.718,-0.1335422420463166,-1.5801260495110812,1.38015188599989,-1.2733146877265136,-1.5699965598675263,-0.08012564885861728
60.728,-0.13716735597003193,-1.5823011273671488,1.3823269748877278,-1.2725897386955798,-1.5699964800943143,-0.08230072238179353
60.738,-0.14078553246448244,-1.5844720427253145,1.3844979010986975,-1.2718661769505775,-1.569996400343439,-0.08447163345794806
60.748,-0.14439658402758848,-1.5866386830842776,1.386664552132003,-1.2711440399875351,-1.569996320622029,-0.08663826958574194
60.758,-0.14800032315727307,-1.5888009359427089,1.388826815486862,-1.2704233653025034,-1.5699962409372619,-0.08880051826380608
60.768,-0.15159656235146723,-1.5909586887992775,1.3909845786625157,-1.2697041903915633,-1.5699961612963715,-0.09095826699075005
60.778,-0.1551851141080931,-1.5931118291526383,1.3931377291582194,-1.2689865527508126,-1.5699960817066332,-0.09311140326514877
60.788,-0.15876579092507015,-1.5952602445014354,1.395286154473248,-1.2682704898763766,-1.5699960021753707,-0.09525981458555943
60.798,-0.16233840530030896,-1.5974038223443088,1.397429742106894,-1.267556039264409,-1.5699959227099498,-0.097403388450509
60.808,-0.16590276973171125,-1.5995424501798714,1.3995683795584668,-1.2668432384110866,-1.5699958433177805,-0.09954201235849514
60.818,-0.16945869671715919,-1.601676015506739,1.4017019543272937,-1.2661321248126138,-1.569995764006313,-0.10167557380799419
60.828,-0.17300599875453226,-1.6038044058235144,1.403830353912718,-1.2654227359652217,-1.569995684783036,-0.10380396029745498
60.838,-0.17654448834168424,-1.6059275086287845,1.4059534658141004,-1.2647151093651643,-1.5699956056554747,-0.10592705932529967
60.848,-0.1800739779764582,-1.6080452114211325,1.4080711775308181,-1.2640092825087321,-1.5699955266311862,-0.10804475838992555
60.858,-0.18359428015667323,-1.6101574016991262,1.4101833765622684,-1.2633052928922308,-1.5699954477177656,-0.11015694498970419
60.868,-0.18710520738013692,-1.6122639669613237,1.4122899504078577,-1.2626031780120042,-1.5699953689228332,-0.11226350662298223
60.878,-0.19060657214463372,-1.6143647947062794,1.4143907865670151,-1.2619029753644235,-1.5699952902540408,-0.11436433078808239
60.888,-0.1940981869479277,-1.6164597724325274,1.4164857725391817,-1.2612047224458807,-1.5699952117190623,-0.11645930498329893
60.898,-0.19757986428775087,-1.6185487876321234,1.4185747958225141,-1.2605084567523765,-1.5699951333237996,-0.11854831670776012
60.908,-0.20105141665333992,-1.620631727603566,1.4206577438794703,-1.2598142157632988,-1.5699950550242763,-0.12063125348696158
60.918,-0.20451265655046758,-1.622708480003079,1.4227345042377388,-1.259122036989726,-1.5699949768640877,-0.12270800279917715
60.928,-0.20796339647719897,-1.6247789323746147,1.424804964406345,-1.2584319579312697,-1.5699948988667396,-0.12477845213505745
60.938,-0.21140344893259133,-1.626842972222862,1.4268690118850005,-1.2577440160855633,-1.5699948210369339,-0.1268424889939439
60.948,-0.2148326264143705,-1.6289004870472892,1.4289265341732085,-1.2570582489493831,-1.5699947433819625,-0.12890000087397446
60.958,-0.21825074141842737,-1.630951364343909,1.4309774187712652,-1.2563746940183402,-1.5699946659147486,-0.13095087527103644
60.968,-0.22165760644239985,-1.6329954916110523,1.433021553178781,-1.2556933887890191,-1.569994588643283,-0.13299499968324913
60.978,-0.2250530339839365,-1.6350327563472111,1.4350588248953517,-1.2550143707580736,-1.5699945115753833,-0.13503226160876203
60.988,-0.22843683654064506,-1.6370630460508762,1.437089121420585,-1.2543376774221957,-1.5699944347188453,-0.1370625485456909
60.998,-0.2318088266101146,-1.6390862482205184,1.4391123302540905,-1.2536633462781093,-1.569994358081468,-0.13908574799211237
61.008,-0.2351688166898871,-1.6411022503546009,1.4411283388954939,-1.2529914148225711,-1.5699942816710513,-0.14110174744607829
61.018,-0.23851661927749035,-1.6431109399515706,1.4431370348444315,-1.2523219205523675,-1.569994205495382,-0.1431104344056049
61.028,-0.24185204687042017,-1.6451122045098685,1.4451383056005511,-1.251654900964318,-1.5699941295622502,-0.1451116963686836
61.038,-0.2451749119661608,-1.6471059315279166,1.4471320386635114,-1.250990393555273,-1.5699940538794266,-0.14710542083329248
61.048,-0.24848502706216546,-1.6490920085041363,1.4491181215329867,-1.2503284358221118,-1.5699939784546704,-0.14909149529738297
61.058,-0.25178220465588197,-1.6510703229369363,1.4510964417086605,-1.249669065261751,-1.5699939032957309,-0.15106980725888874
61.068,-0.25506625724472975,-1.653040762324714,1.4530668866902285,-1.2490123193711349,-1.5699938284103254,-0.15304024421572215
61.078,-0.2583369973261185,-1.6550032141658615,1.455029343977401,-1.2483582356472414,-1.569993753806159,-0.15500269366578223
61.088,-0.26159423739743826,-1.6569575659587714,1.4569837010698956,-1.2477068515870804,-1.5699936794909108,-0.15695704310695024
61.098,-0.26483778995606677,-1.6589037052018083,1.4589298454674449,-1.2470582046876886,-1.5699936054722299,-0.15890318003708703
61.108,-0.2680674674993657,-1.6608415193933508,1.4608676646697898,-1.246412332446146,-1.5699935317577323,-0.16084099195404278
61.118,-0.27128308252467725,-1.6627708960317544,1.4627970461766866,-1.2457692723595506,-1.5699934583550066,-0.16277036635565167
61.128,-0.27448444752934087,-1.6646917226153766,1.4647178774878986,-1.245129061925042,-1.5699933852716024,-0.16469119073973015
61.138,-0.2776713750106774,-1.6666038866425603,1.4666300461032007,-1.2444917386397916,-1.5699933125150327,-0.16660335260408488
61.148,-0.28084367746599437,-1.6685072756116524,1.4685334395223775,-1.2438573400009951,-1.5699932400927672,-0.1685067394465074
61.158,-0.28400116739259396,-1.670401777020978,1.4704279452452242,-1.243225903505889,-1.5699931680122319,-0.17040123876477686
61.168,-0.2871436572877597,-1.6722872783688654,1.4723134507715496,-1.2425974666517354,-1.5699930962808049,-0.17228673805665906
61.178,-0.29027095964877603,-1.6741636671536326,1.4741898436011658,-1.2419720669358338,-1.5699930249058216,-0.17416312481990737
61.188,-0.2933828869729034,-1.6760308308735963,1.4760570112338982,-1.2413497418555086,-1.5699929538945572,-0.17603028655227604
61.198,-0.2964792517574102,-1.6778886570270604,1.4779148411695813,-1.2407305289081187,-1.569992883254236,-0.1778881107514927
61.208,-0.2995598664995498,-1.6797370331123262,1.4797632209080582,-1.2401144655910552,-1.5699928129920213,-0.1797364849152876
61.218,-0.30262454369656844,-1.681575846627682,1.4816020379491803,-1.2395015894017454,-1.5699927431150247,-0.18157529654137505
61.228,-0.3056730958457008,-1.683404985071421,1.4834311797928086,-1.2388919378376353,-1.5699926736302885,-0.18340443312746135
61.238,-0.30870533544418954,-1.6852243359418215,1.4852505339388111,-1.238285548396211,-1.5699926045447938,-0.18522378217125457
61.248,-0.3117210749892605,-1.6870337867371628,1.4870599878870658,-1.2376824585749886,-1.5699925358654516,-0.1870332311704459
61.258,-0.3147201269781448,-1.6888332249557088,1.488859429137456,-1.2370827058715137,-1.569992467599108,-0.18883266762272655
61.268,-0.31770230390806553,-1.690622538095728,1.4906487451898753,-1.2364863277833593,-1.5699923997525307,-0.19062197902577616
61.278,-0.3206674182762441,-1.6924016136554785,1.4924278235442214,-1.2358933618081367,-1.5699923323324185,-0.1924010528772797
61.288,-0.3236152825799019,-1.6941703391332152,1.494196551700405,-1.2353038454434766,-1.5699922653453928,-0.19416977667490798
61.298,-0.32654570931625937,-1.6959286020271838,1.4959548171583377,-1.2347178161870471,-1.569992198797996,-0.1959280379163335
61.308,-0.3294585109825361,-1.6976762898356277,1.4977025074179409,-1.2341353115365412,-1.5699921326966901,-0.19767572409922352
61.318,-0.33235350007595166,-1.699413290056787,1.4994395099791422,-1.2335563689896856,-1.5699920670478527,-0.19941272272124788
61.328,-0.3352304890937319,-1.7011394901888959,1.501165712341873,-1.2329810260442282,-1.5699920018577798,-0.20113892128007382
61.338,-0.3380892905330999,-1.702854777730179,1.5028810020060748,-1.2324093201979562,-1.5699919371326772,-0.20285420727336323
61.348,-0.34092971689128504,-1.7045590401788597,1.5045852664716932,-1.2318412889486763,-1.5699918728786662,-0.20455846819878065
61.358,-0.3437515806655185,-1.706252165033164,1.5062783932386763,-1.2312769697942234,-1.569991809101774,-0.20625159155399508
61.368,-0.3465546943530402,-1.7079340397913032,1.5079602698069827,-1.2307164002324655,-1.5699917458079407,-0.20793346483667108
61.378,-0.34933887045108936,-1.7096045519514884,1.509630783676572,-1.230159617761291,-1.5699916830030087,-0.2096039755444803
61.388,-0.3521039214569175,-1.711263589011924,1.5112898223474103,-1.2296066598786202,-1.5699916206927238,-0.21126301117509705
61.398,-0.35484965986777706,-1.7129110384708193,1.512937273319471,-1.2290575640823964,-1.5699915588827444,-0.21291045922619034
61.408,-0.3575758981809347,-1.7145467878263678,1.5145730240927238,-1.2285123678705916,-1.5699914975786218,-0.21454620719544426
61.418,-0.3602824488936589,-1.71617072457677,1.5161969621671503,-1.2279711087411953,-1.569991436785811,-0.2161701425805429
61.428,-0.3629691245032305,-1.717782736220214,1.5178089750427333,-1.2274338241922345,-1.5699913765096687,-0.21778215287917124
61.438,-0.36563573750693923,-1.719382710254887,1.5194089502194599,-1.2269005517217528,-1.5699913167554476,-0.2193821255890267
61.448,-0.3682821004020882,-1.720970534178983,1.5209967751973181,-1.2263713288278173,-1.569991257528299,-0.22096994820781468
61.458,-0.3709080256859849,-1.722546095490676,1.5225723374763005,-1.2258461930085196,-1.5699911988332724,-0.2225455082332397
61.468,-0.37351332585582586,-1.7241092816849732,1.5241355245558292,-1.2253251817618884,-1.5699911406742135,-0.22410869316330828
61.478,-0.37609781340517134,-1.7256599801329775,1.5256862239145477,-1.224808332579817,-1.569991083014446,-0.22565939051554107
61.488,-0.37866130083263894,-1.7271980783693592,1.527224323057899,-1.2242956829629663,-1.5699910258676502,-0.22719748778188364
61.498,-0.3812036006390134,-1.7287234639750835,1.528749709498734,-1.223787270414094,-1.5699909692611262,-0.2287228724490431
61.508,-0.383724525321691,-1.7302360244638189,1.530262270740109,-1.2232831324318592,-1.5699909132058547,-0.23023543201195995
61.518,-0.38622388737675983,-1.7317356473308336,1.5317618942828428,-1.2227833065137355,-1.5699908577099269,-0.23173505396701977
61.528,-0.3887014993017974,-1.7332222200743261,1.5332484676270335,-1.222287830157907,-1.5699908027780474,-0.23322162581215355
61.538,-0.39115717359436797,-1.734695630192579,1.5347218782727392,-1.221796740862613,-1.569990748414627,-0.2346950350452932
61.548,-0.3935907227520081,-1.7361557651838557,1.5361820137199977,-1.2213100761261084,-1.5699906946238933,-0.23615516916434398
61.558,-0.3960019592722386,-1.737602512546397,1.5376287614688389,-1.2208278734466789,-1.5699906414099356,-0.23760191566717648
61.568,-0.39839069565257557,-1.7390357597784216,1.5390620090192861,-1.2203501703226265,-1.5699905887767143,-0.23903516205166575
61.578,-0.40075674439053266,-1.7404553943781422,1.540481643871364,-1.219877004252274,-1.5699905367280653,-0.24045479581567264
61.588,-0.4030999179836403,-1.741861303843751,1.5418875535250889,-1.2194084127339555,-1.5699904852677093,-0.24186070445705887
61.598,-0.40542002892943074,-1.7432533756734487,1.5432796254804728,-1.2189444332660293,-1.5699904343992515,-0.24325277547370128
61.608,-0.4077168897254557,-1.744631497365419,1.5446577472375305,-1.2184851033468624,-1.5699903841261929,-0.24463089636347757
61.618,-0.40999031286927945,-1.7459955564178509,1.5460218062962747,-1.2180304604748362,-1.569990334451921,-0.24599495462428234
61.628,-0.41224011085848566,-1.747345440328919,1.5473716901567096,-1.2175805421483532,-1.5699902853797232,-0.24734483775401817
61.638,-0.41446609619067853,-1.7486810365968084,1.5487072863188445,-1.2171353858658178,-1.569990236912779,-0.2486804332505974
61.648,-0.41666808136346933,-1.750002232719696,1.5500284822826842,-1.2166950291256478,-1.5699901890541703,-0.2500016286119626
61.658,-0.41884587887449953,-1.751308916195758,1.5513351655482284,-1.2162595094262838,-1.569990141806878,-0.251308311336051
61.668,-0.4209993012214275,-1.7526009745231723,1.5526272236154766,-1.215828864266164,-1.5699900951737806,-0.25260036892083093
61.678,-0.4231281609019302,-1.7538782952001097,1.553904543984423,-1.21540313114374,-1.5699900491576617,-0.2538776888642742
61.688,-0.4252322704136997,-1.75514076572475,1.5551670141550629,-1.2149823475574721,-1.5699900037612124,-0.25514015866437667
61.698,-0.42731144225446194,-1.7563882735952683,1.5564145216273806,-1.2145665510058241,-1.5699899589870263,-0.25638766581915284
61.708,-0.4293654889219489,-1.7576207063098372,1.5576469539013633,-1.2141557789872839,-1.5699899148376044,-0.2576200978266181
61.718,-0.4313942229139158,-1.7588379513666152,1.5588641984769893,-1.2137500690003233,-1.5699898713153608,-0.2588373421848251
61.728,-0.43339745672814356,-1.7600398962637571,1.5600661428542368,-1.2133494585434348,-1.5699898284226235,-0.2600392863918213
61.738,-0.4353750028624326,-1.7612264284994728,1.5612526745330744,-1.2129539851151097,-1.5699897861616252,-0.26122581794569033
61.748,-0.43732667381460466,-1.762397435571948,1.5624236810134677,-1.2125636862138465,-1.5699897445345172,-0.2623968243445285
61.758,-0.4392522820825029,-1.7635528049793565,1.56357904979538,-1.2121785993381464,-1.5699897035433725,-0.2635521930864426
61.768,-0.4411516401639304,-1.7646924242194968,1.5647186683787435,-1.2117987619864912,-1.5699896631901957,-0.26469181166952005
61.778,-0.44302456055680217,-1.7658161807907502,1.5658424242635203,-1.211424211657397,-1.5699896234768982,-0.26581556759192804
61.788,-0.4448708557590466,-1.7669239621914572,1.5669502049496584,-1.211054985849382,-1.5699895844053122,-0.2669233483518436
61.798,-0.4466903382685752,-1.7680156559197326,1.5680418979370918,-1.2106911220609429,-1.569989545977207,-0.2680150414474385
61.808,-0.4484828205834308,-1.7690911494751835,1.5691173907258147,-1.210332657790668,-1.5699895081941921,-0.26909053437689057
61.818,-0.4502481152157092,-1.7701503304438793,1.5701765708174822,-1.2099796305443138,-1.5699894710479994,-0.2701497146431633
61.828,-0.45198603465360687,-1.7711930862692513,1.5712193257110814,-1.2096320778155545,-1.5699894345468302,-0.27119246974055233
61.838,-0.4536963913917189,-1.772219304427012,1.5722455429059083,-1.2092900371011859,-1.569989398694065,-0.27221868716605435
61.848,-0.45537899792810954,-1.7732288724149956,1.5732551099018943,-1.2089535458996452,-1.569989363491481,-0.2732282544180551
61.858,-0.4570336667606121,-1.7742216777299544,1.5742479141989616,-1.2086226417092454,-1.5699893289409772,-0.274221058994808
61.868,-0.45866021038724014,-1.7751976078693905,1.5752238432969836,-1.208297362028389,-1.5699892950441496,-0.27519698839465345
61.878,-0.4602584413060544,-1.7761565503313965,1.5761827846958854,-1.2079777443555,-1.5699892618025668,-0.27615593011591333
61.888,-0.46182817201509074,-1.777098392613558,1.5771246258955234,-1.2076638261889747,-1.5699892292176862,-0.27709777165692895
61.898,-0.46336921501244177,-1.778023022213821,1.5780492543957623,-1.2073556450272398,-1.5699891972908704,-0.2780224005160399
61.908,-0.4648813827960314,-1.7789303266281669,1.5789565576962916,-1.2070532383686206,-1.5699891660232348,-0.2789297041915866
61.918,-0.46636448786402607,-1.7798201933553688,1.5798464232970515,-1.2067566437115471,-1.5699891354162308,-0.2798195701819228
61.928,-0.4678183427145921,-1.7806925098937787,1.580718738697903,-1.2064658985544283,-1.569989105471107,-0.28069188598542816
61.938,-0.4692427598458835,-1.7815471637413791,1.5815733913986554,-1.2061810403956499,-1.569989076189044,-0.2815465391004839
61.948,-0.47063755175576905,-1.7823840423926105,1.5824102688988235,-1.2059021067334554,-1.5699890475708367,-0.2823834170254811
61.958,-0.4720025309426621,-1.78320303334819,1.5832292586984442,-1.205629135066299,-1.5699890196179505,-0.28320240725884016
61.968,-0.4733375099047272,-1.78400402410538,1.5840302482972017,-1.2053621628925177,-1.5699889923312993,-0.2840033972990179
61.978,-0.47464230114004025,-1.7847869021612899,1.584813125194847,-1.2051012277103745,-1.5699889657120805,-0.2847862746444143
61.988,-0.4759167171468972,-1.7855515550139252,1.5855777768910917,-1.2048463670182046,-1.5699889397612043,-0.28555092679352967
61.998,-0.47716057042373716,-1.7862978701631052,1.5863240908857925,-1.2045976183143785,-1.5699889144798256,-0.28629724124487677
62.008,-0.4783736734684565,-1.7870257351022631,1.5870519546782882,-1.2043550190969987,-1.5699888898684513,-0.28702510549702787
62.018,-0.4795558387792287,-1.7877350373285787,1.5877612557682799,-1.2041186068642653,-1.569988865928198,-0.2877344070485277
62.028,-0.48070687885430985,-1.7884256643396135,1.5884518816554092,-1.2038884191144077,-1.5699888426599875,-0.28842503339792636
62.038,-0.4818266061923504,-1.7890975036369159,1.5891237198396437,-1.2036644933456953,-1.569988820065137,-0.2890968720439613
62.048,-0.4829148332912414,-1.7897504427134583,1.58977665782023,-1.2034468670561442,-1.5699887981440748,-0.2897498104853016
62.058,-0.4839713726494148,-1.7903843690689383,1.5904105830969435,-1.203235577744016,-1.5699887768980352,-0.2903837362204751
62.068,-0.48499603676518177,-1.7909991702006731,1.5910253831694314,-1.2030306629072123,-1.5699887563278914,-0.29099853674847864
62.078,-0.48598863813674953,-1.791594733605107,1.5916209455371133,-1.20283216004387,-1.5699887364343539,-0.2915940995678632
62.088,-0.48694898926244434,-1.7921709467804552,1.5921971576995935,-1.2026401066521477,-1.569988717218612,-0.29217031217713174
62.098,-0.4878769026405587,-1.792727697224494,1.5927539071565864,-1.2024545402296538,-1.5699886986814091,-0.2927270620756959
62.108,-0.4887721907693727,-1.7932648724327132,1.5932910814071608,-1.202275498274974,-1.5699886808237276,-0.29326423676139335
62.118,-0.48963466614719486,-1.7937823599046447,1.5938085679512781,-1.2021030182853107,-1.569988663646475,-0.2937817237342699
62.128,-0.49046413764043884,-1.7942800471990068,1.5943062544881963,-1.2019371377116266,-1.5699886474766158,-0.2942794103908808
62.138,-0.4912604206431359,-1.794757821658665,1.5947840283182853,-1.2017778940975403,-1.5699886319517073,-0.2947571843450847
62.148,-0.4920233286258764,-1.7952155707993487,1.5952417769051799,-1.201625324952032,-1.5699886170188675,-0.2952149331107421
62.158,-0.4927526738363195,-1.7956531821946367,1.5956793877927815,-1.2014794677636869,-1.5699886027790377,-0.29565254416109976
62.168,-0.49344826930082775,-1.796070543332254,1.5960967484496216,-1.2013403600334036,-1.5699885892159102,-0.29606990500056973
62.178,-0.4941099272293217,-1.7964675417301776,1.5964937463867823,-1.2012080392587676,-1.5699885763352945,-0.29646690312157986
62.188,-0.4947374600686443,-1.7968440648798436,1.5968702691047927,-1.2010825429376264,-1.5699885641374607,-0.2968434260219759
62.198,-0.49533068030387106,-1.79720000027625,1.5972262041042518,-1.2009639085675183,-1.569988552625123,-0.297199361199481
62.208,-0.4958894008082986,-1.7975352354124128,1.5975614388644601,-1.2008521736507727,-1.5699885417728705,-0.2975345961608813
62.218,-0.4964134336518091,-1.7978496578199878,1.597875860912188,-1.2007473756797,-1.5699885316243938,-0.2978490183889475
62.228,-0.49690259139480997,-1.7981431550237381,1.5981693577395735,-1.2006495521564156,-1.5699885221590986,-0.29814251538737135
62.238,-0.4973566865850012,-1.7984156146155257,1.5984418168477568,-1.2005587405839608,-1.5699885133717189,-0.2984149746532543
62.248,-0.4977755317071706,-1.7986669239598754,1.5986931257318755,-1.200474978452569,-1.5699885052687108,-0.29866628368556647
62.258,-0.4981589394704793,-1.7988969705755486,1.598923171880533,-1.20039830326338,-1.5699884978361123,-0.2988963299885352
62.268,-0.4985067220788544,-1.7991056419290128,1.5991318428081307,-1.2003287525085793,-1.5699884911019026,-0.2991050010539169
62.278,-0.4988186920473128,-1.7992928255067822,1.5993190260108623,-1.200266363685906,-1.569988485065715,-0.29929218438304783
62.288,-0.4990946618772103,-1.7994584088071546,1.599484608987935,-1.2002111742927162,-1.569988479731971,-0.2994577674754222
62.298,-0.49933444406972605,-1.7996022793373496,1.5996284792383868,-1.2001632218271392,-1.5699884751024227,-0.2996016378299915
62.308,-0.49953785112730476,-1.7997243245945087,1.5997505242615402,-1.2001225437861298,-1.5699884711816328,-0.29972368294576146
62.318,-0.4997046955464013,-1.799824432076418,1.5998506315572216,-1.2000891776665648,-1.569988467975894,-0.29982379032153794
62.328,-0.49983478982376006,-1.7999024892748687,1.5999286886240967,-1.200063160965438,-1.5699884654886533,-0.29990184745669435
62.338,-0.4999279464589028,-1.7999583836850392,1.5999845829607624,-1.2000445311799166,-1.5699884637227797,-0.2999577418503101
62.348,-0.49998397797022864,-1.7999920028045915,1.6000182020648612,-1.2000333258074343,-1.5699884626802998,-0.2999913610019904
62.358,-0.5000026968324729,-1.8000032341342143,1.6000294334373644,-1.200029582344674,-1.5699884623676317,-0.3000025924095242
62.368,-0.5000026968524933,-1.8000032341044097,1.6000294334432956,-1.2000295823383467,-1.5699884624177667,-0.30000259243671934
62.378,-0.5000026968663693,-1.8000032341121137,1.600029433447446,-1.2000295823354281,-1.5699884624572515,-0.3000025924531924
62.388,-0.5000026968758187,-1.8000032341207086,1.6000294334503264,-1.2000295823335594,-1.5699884624852736,-0.3000025924644518
62.398,-0.500002696882297,-1.8000032341270698,1.6000294334523302,-1.2000295823322715,-1.5699884625048908,-0.3000025924723051
62.408,-0.5000026968867788,-1.8000032341315524,1.6000294334537282,-1.2000295823313754,-1.5699884625186007,-0.3000025924777914
62.418,-0.5000026968898998,-1.8000032341346894,1.6000294334547043,-1.2000295823307456,-1.5699884625281788,-0.30000259248162564
62.428,-0.5000026968920723,-1.8000032341368823,1.6000294334553864,-1.2000295823303104,-1.5699884625348712,-0.3000025924843053
62.438,-0.5000026968935876,-1.8000032341384145,1.6000294334558625,-1.2000295823300058,-1.5699884625395466,-0.30000259248617933
62.448,-0.5000026968946489,-1.8000032341394856,1.6000294334561964,-1.2000295823297944,-1.5699884625428133,-0.30000259248748407
62.458,-0.5000026968953888,-1.8000032341402352,1.6000294334564282,-1.2000295823296416,-1.569988462545096,-0.3000025924883989
62.468,-0.5000026968959066,-1.8000032341407566,1.6000294334565899,-1.2000295823295404,-1.5699884625466902,-0.3000025924890375
62.478,-0.5000026968962654,-1.8000032341411207,1.6000294334567053,-1.2000295823294675,-1.5699884625478049,-0.30000259248948424
62.488,-0.5000026968965194,-1.8000032341413783,1.6000294334567835,-1.2000295823294178,-1.5699884625485838,-0.3000025924897951
62.498,-0.5000026968966971,-1.800003234141555,1.6000294334568386,-1.2000295823293796,-1.5699884625491265,-0.3000025924900127
62.508,-0.5000026968968205,-1.8000032341416794,1.6000294334568785,-1.2000295823293556,-1.5699884625495075,-0.3000025924901646
62.518,-0.5000026968969067,-1.8000032341417656,1.6000294334569043,-1.200029582329337,-1.569988462549773,-0.30000259249027117
62.528,-0.5000026968969653,-1.8000032341418286,1.6000294334569238,-1.2000295823293272,-1.5699884625499596,-0.300002592490344
62.538,-0.5000026968970079,-1.8000032341418695,1.6000294334569372,-1.2000295823293174,-1.5699884625500875,-0.3000025924903982
62.548,-0.5000026968970372,-1.800003234141897,1.600029433456946,-1.2000295823293112,-1.569988462550179,-0.30000259249043193
62.558,-0.5000026968970586,-1.80000323414192,1.6000294334569531,-1.2000295823293077,-1.5699884625502412,-0.30000259249045946
62.568,-0.500002696897071,-1.8000032341419352,1.6000294334569576,-1.2000295823293041,-1.5699884625502865,-0.3000025924904781
62.578,-0.5000026968970799,-1.8000032341419459,1.6000294334569594,-1.2000295823293015,-1.5699884625503167,-0.3000025924904879
62.588,-0.5000026968970888,-1.800003234141952,1.600029433456962,-1.2000295823293006,-1.569988462550338,-0.30000259249049765
62.598,-0.5000026968970932,-1.8000032341419574,1.6000294334569647,-1.2000295823292997,-1.569988462550353,-0.300002592490503
62.608,-0.5000026968970968,-1.800003234141961,1.6000294334569647,-1.200029582329298,-1.5699884625503637,-0.3000025924905074
62.618,-0.5000026968970985,-1.800003234141961,1.6000294334569656,-1.200029582329298,-1.5699884625503717,-0.3000025924905092
62.628,-0.5000026968971012,-1.8000032341419645,1.6000294334569665,-1.2000295823292988,-1.5699884625503762,-0.30000259249051453
62.638,-0.5000026968971003,-1.8000032341419645,1.6000294334569665,-1.200029582329297,-1.5699884625503806,-0.30000259249051453
62.648,-0.5000026968971012,-1.8000032341419672,1.6000294334569665,-1.200029582329297,-1.5699884625503833,-0.3000025924905154
62.658,-0.5000026968971021,-1.8000032341419663,1.6000294334569674,-1.200029582329297,-1.5699884625503842,-0.3000025924905181
62.668,-0.5000026968971039,-1.800003234141968,1.6000294334569674,-1.2000295823292961,-1.569988462550385,-0.3000025924905163
62.678,-0.5000026968971047,-1.8000032341419672,1.6000294334569674,-1.2000295823292961,-1.569988462550386,-0.3000025924905163
62.688,-0.5000026968971047,-1.800003234141968,1.6000294334569674,-1.200029582329297,-1.5699884625503868,-0.3000025924905181
62.698,-0.5000026968971039,-1.8000032341419672,1.6000294334569674,-1.200029582329297,-1.5699884625503868,-0.30000259249051897
62.708,-0.5000026968971039,-1.8000032341419663,1.6000294334569674,-1.200029582329297,-1.5699884625503877,-0.3000025924905172
62.718,-0.5000026968971056,-1.800003234141968,1.6000294334569674,-1.200029582329298,-1.5699884625503886,-0.3000025924905172
62.728,-0.5000026968971047,-1.8000032341419663,1.6000294334569674,-1.200029582329297,-1.5699884625503868,-0.3000025924905172
62.738,-0.5000026968971056,-1.800003234141968,1.6000294334569674,-1.200029582329297,-1.5699884625503886,-0.3000025924905181
62.748,-0.500002696897103,-1.800003234141968,1.6000294334569674,-1.2000295823292961,-1.5699884625503886,-0.3000025924905181
62.758,-0.5000026968971039,-1.8000032341419672,1.6000294334569674,-1.200029582329297,-1.5699884625503895,-0.3000025924905172
62.768,-0.5000026968971039,-1.8000032341419663,1.6000294334569674,-1.200029582329297,-1.5699884625503877,-0.3000025924905181
62.778,-0.5000026968971056,-1.8000032341419672,1.6000294334569674,-1.200029582329298,-1.5699884625503877,-0.3000025924905172
62.788,-0.5000026968971056,-1.8000032341419672,1.6000294334569674,-1.2000295823292988,-1.5699884625503877,-0.3000025924905172
62.798,-0.5000026968971039,-1.8000032341419663,1.6000294334569682,-1.2000295823292961,-1.5699884625503886,-0.30000259249051897
62.808,-0.5000026968971039,-1.800003234141968,1.6000294334569674,-1.2000295823292961,-1.5699884625503886,-0.3000025924905172
62.818,-0.5000026968971039,-1.800003234141969,1.6000294334569674,-1.200029582329298,-1.5699884625503886,-0.3000025924905172
62.828,-0.5000026968971039,-1.800003234141968,1.6000294334569682,-1.200029582329297,-1.5699884625503886,-0.30000259249051897
62.838,-0.5000026968971056,-1.8000032341419663,1.6000294334569682,-1.200029582329298,-1.5699884625503886,-0.3000025924905172
62.848,-0.5000026968971039,-1.800003234141968,1.6000294334569674,-1.2000295823292961,-1.5699884625503886,-0.3000025924905172
62.858,-0.5000026968971039,-1.8000032341419663,1.6000294334569674,-1.2000295823292988,-1.5699884625503877,-0.30000259249051897
62.868,-0.5000026968971039,-1.800003234141969,1.6000294334569682,-1.2000295823292988,-1.5699884625503877,-0.3000025924905172
62.878,-0.5000026968971047,-1.800003234141968,1.6000294334569682,-1.200029582329298,-1.5699884625503886,-0.3000025924905172
