stamp,shoulder_pan_joint,shoulder_lift_joint,elbow_joint,wrist_1_joint,wrist_2_joint,wrist_3_joint
304.938,0.00011539774827173943,-1.5699842260855428,-1.7282132517948412e-05,-1.5699497517829628,-3.9827334220809973e-05,-5.896460808152426e-05
304.948,0.00011539774827173943,-1.569984226085542,-1.7282132517060234e-05,-1.5699497517829628,-3.9827334219921795e-05,-5.896460808152426e-05
304.958,0.00011539774827173943,-1.5699842260855428,-1.7282132517060234e-05,-1.5699497517829628,-3.9827334219921795e-05,-5.896460808152426e-05
304.968,0.00011539774827173943,-1.5699842260855428,-1.7282132517060234e-05,-1.5699497517829628,-3.9827334219921795e-05,-5.896460808063608e-05
304.978,0.00011539774827173943,-1.569984226085542,-1.7282132517948412e-05,-1.5699497517829628,-3.9827334219921795e-05,-5.896460808063608e-05
304.988,0.00011539774827173943,-1.569984226085542,-1.7282132517948412e-05,-1.5699497517829628,-3.9827334219921795e-05,-5.896460808063608e-05
304.998,0.00011539774827173943,-1.5699842260855428,-1.7282132517948412e-05,-1.5699497517829628,-3.9827334219033617e-05,-5.896460808241244e-05
305.008,0.0001266011733500605,-1.5699812370841781,-1.7782444336589265e-05,-1.569950760897823,-3.82984064213332e-05,-5.737029414643047e-05
305.018,0.0001095786054987613,-1.5699408264293113,5.3210385315694e-06,-1.5699701550129057,-4.966473069156763e-05,-4.892740293538367e-05
305.028,0.00019614157147884725,-1.5698794425415519,8.44427411399451e-05,-1.5700080983987603,-0.00011998356963527357,-4.060081189205533e-05
305.038,0.00011550925672842993,-1.569797199467765,0.00021930589912688703,-1.5700645003299747,-0.0002490529229826066,-3.245083667557935e-05
305.048,0.00016986503506544182,-1.5696941944157812,0.00040962817537515406,-1.5701392642921115,-0.00043628495840319914,-2.494583908951853e-05
305.058,0.00014701697242536227,-1.569570540425439,0.0006551275118047428,-1.5702322988321105,-0.00068138866210532,-2.6270892090174414e-05
305.068,0.00012468844206292573,-1.569426337720772,0.0009555224538289053,-1.5703435101593093,-0.0009840807741259283,-2.4520579169795553e-05
305.078,0.00011280357468290703,-1.5692616937441473,0.001310531666629089,-1.5704728049713066,-0.0013440746013104743,-3.2917894694506344e-05
305.088,0.00010874814945083244,-1.5690767144132278,0.0017198736984811447,-1.5706200892514093,-0.0017610762377957556,-2.520639740755115e-05
305.098,-0.0001639898365501935,-1.568871505817352,0.0021832666960284186,-1.5707852710894827,-0.0022347908264253036,4.122236676629143e-05
305.108,-0.00011290411091202657,-1.568646172929413,0.002700430253227637,-1.5709682546554329,-0.0027649313571149747,2.501696368462092e-05
305.118,-0.00017264364645530605,-1.568400823485989,0.003271081731340608,-1.5711689494185603,-0.0033511950045514993,2.683833085637133e-05
305.128,-0.0001087754022073284,-1.5681355563067612,0.003894940399768565,-1.571387259991043,-0.003993290769365387,3.4671761082627484e-05
305.138,-0.00011425140854370852,-1.5678504880220518,0.004571724751463613,-1.5716230933559685,-0.004690924031870658,4.229937701261122e-05
305.148,-0.000129688603259126,-1.5675457181603834,0.005301153124882774,-1.571876356809692,-0.005443798557791979,4.976497628117471e-05
305.158,-0.00014492545470723428,-1.567221352722228,0.006082944157149939,-1.5721469567489694,-0.006251619643721007,5.708963858186422e-05
305.168,-0.00015972180567835892,-1.5668774980355893,0.006916816399829884,-1.572434799850973,-0.007114092184931309,6.428902040678253e-05
305.178,-0.00017427011510662282,-1.566514259896065,0.007802488407194552,-1.5727397927878317,-0.008030921055313556,7.137405867307933e-05
305.188,-0.00018863900242216403,-1.5661317440766733,0.008739678735438794,-1.5730618422343796,-0.009001811118882763,7.835238340181405e-05
305.198,-0.00020285725720636805,-1.565730056353235,0.009728105941967158,-1.573400854871133,-0.010026467229723224,8.522942890287766e-05
305.208,-0.00021693689945578853,-1.5653093025046851,0.010767488585620377,-1.5737567373844707,-0.011104594234481624,9.20091719400773e-05
305.218,-0.0002308822946464062,-1.5648695883127084,0.011857545226864552,-1.5741293964670313,-0.012235896973950666,9.869460840850053e-05
305.228,-0.0002446942298961474,-1.5644110195616594,0.012997994427969672,-1.5745187388182846,-0.013420080284049618,0.00010528806237886101
305.238,-0.0002583718583410999,-1.5639337020385822,0.014188554753159721,-1.574924671145157,-0.014656848996391858,0.00011179138942107869
305.248,-0.0002719136591426974,-1.563437741533283,0.015428944768787645,-1.5753471001627104,-0.01594590793863304,0.00011820611298674066
305.258,-0.00028531791706498666,-1.562923243838403,0.016718883043475685,-1.5757859325948211,-0.01728696193463186,0.0001245335176172091
305.268,-0.0002985829589983169,-1.562390314749482,0.01805808814828147,-1.5762410751748734,-0.018679715804491792,0.00013077471398670326
305.278,-0.00031170726484486266,-1.5618390600650203,0.019446278656834792,-1.576712434646455,-0.020123874364530003,0.00013693068505027384
305.288,-0.00032468951294362114,-1.5612695855865295,0.0208831731454886,-1.5771999177640272,-0.02161914242718943,0.00014300231947483866
305.298,-0.0003375285916300541,-1.5606819971185535,0.022368490193439783,-1.5777034312935911,-0.023165224800910877,0.00014899043614491347
305.308,-0.0003502235938093179,-1.5600764004686984,0.023901948382857086,-1.5782228820133288,-0.024761826289973143,0.00015489580250527268
305.318,-0.0003627738035900663,-1.559452901447617,0.02548326629898323,-1.578758176714199,-0.026408651694361573,0.00016071914842186175
305.328,-0.0003751786798531498,-1.5588116058689854,0.02711216253022286,-1.5793092222004952,-0.028105405809583317,0.00016646117680707562
305.338,-0.0003874378392589861,-1.558152619549453,0.028788355668213583,-1.5798759252903571,-0.0298517934265341,0.00017212257187715352
305.348,-0.0003995510401360036,-1.5574760483083343,0.030511564307842853,-1.5804581928162977,-0.031647519331214014,0.00017770400567229672
305.358,-0.000411518172040104,-1.5567819979548891,0.032281507045504476,-1.5810559316297916,-0.033492288296296024,0.00018320614733902119
305.368,-0.00042333923417103847,-1.556070574313306,0.03409790248257938,-1.5816690485931022,-0.035385805097646106,0.00018862965866972559
305.378,-0.00043501432176640265,-1.5553418832208032,0.03596046922522422,-1.5822974505800462,-0.03732777451305935,0.0001939751979858073
305.388,-0.0004465436249221355,-1.554596030507695,0.03786892588148927,-1.5829410444828738,-0.03931790130935209,0.0001992434292787948
305.398,-0.0004579274157858748,-1.5538331220056045,0.03982299106240106,-1.5835997372093424,-0.04135589024795294,0.00020443502124933843
305.408,-0.00046916604016722374,-1.5530532635478147,0.04182238338190469,-1.5842734356823889,-0.04344144608542422,0.00020955064858974026
305.418,-0.00048025991035238746,-1.5522565609690264,0.04386682145669418,-1.5849620468398569,-0.04557427357369104,0.00021459099305420892
305.428,-0.0004912094987705728,-1.5514431201050056,0.045956023905980636,-1.5856654776341226,-0.04775407746026694,0.00021955674418272508
305.438,-0.0005020153323007648,-1.55061304679218,0.04808970935121604,-1.5863836350315865,-0.04998056248857008,0.0002244485997309198
305.448,-0.0005126779871442722,-1.5497664468672168,0.0502675964157806,-1.587116426012019,-0.05225343339829536,0.0002292672658263939
305.458,-0.0005231980841280404,-1.5489034261665482,0.0524894037246062,-1.5878637575677543,-0.05457239492586918,0.00023401345685059027
305.468,-0.0005335762843792224,-1.548024090525853,0.054754849903779323,-1.5886255367027613,-0.05693715180497971,0.0002386878951163851
305.478,-0.0005438132852511046,-1.547128545779543,0.05706365358007748,-1.589401670431537,-0.0593474087671888,0.00024329131030942364
305.488,-0.0005539098164959455,-1.5462168977601765,0.059415533380476226,-1.5901920657778903,-0.06180287054262301,0.00024782443874737936
305.498,-0.0005638666365710421,-1.5452892522978707,0.06181020793160741,-1.5909966297735552,-0.06430324186073477,0.0002522880224313795
305.508,-0.0005736845291055559,-1.5443457152197027,0.06424739585918715,-1.5918152694567067,-0.06684822745114705,0.000256682807981079
305.518,-0.0005833642994277355,-1.5433863923490738,0.06672681578740836,-1.592647891870326,-0.06943753204456371,0.00026100954536545373
305.528,-0.0005929067711791802,-1.5424113895050942,0.06924818633830476,-1.5934944040604857,-0.07207086037374388,0.0002652689865358937
305.538,-0.0006023127829735131,-1.541420812501937,0.0718112261310937,-1.5943547130745235,-0.07474791717453044,0.0002694618839571561
305.548,-0.000611583185107456,-1.5404147671482258,0.07441565378150461,-1.5952287259591489,-0.07746840718693093,0.0002735889890130849
305.558,-0.0006207188363136495,-1.5393933592464275,0.07706118790110139,-1.596116349758502,-0.0802320351562349,0.0002776510503696983
305.568,-0.0006297206005614342,-1.5383566945922673,0.07974754709659759,-1.597017491512164,-0.08303850583414984,0.00028164881229297833
305.578,-0.0006385893439144752,-1.5373048789741801,0.08247444996919473,-1.597932058253177,-0.0858875239799568,0.0002855830129231407
305.588,-0.0006473259314665469,-1.536238018172799,0.08524161511391881,-1.5988599570060642,-0.08877879436166136,0.00028945438257821365
305.598,-0.0006559312243590298,-1.5351562179605078,0.08804876111900661,-1.5998010947849042,-0.09171202175712256,0.00029326364207094
305.608,-0.000664406076916535,-1.534059584101027,0.09089560656531326,-1.6007553785914674,-0.0946869109551507,0.00029701150108518704
305.618,-0.000672751333913979,-1.532948222349084,0.09378187002576688,-1.6017227154134521,-0.09770316675655799,0.0003006986566216341
305.628,-0.0006809678283641318,-1.5318222384503073,0.09670727006499735,-1.602703012223611,-0.10076049397487896,0.0003043257924355558
305.638,-0.0006890563819208495,-1.5306817381401687,0.09967152523913736,-1.6036961759826664,-0.10385859743538983,0.00030789358259220023
305.648,-0.000697017792905541,-1.5295268271456093,0.1026743540942121,-1.6047021136214883,-0.1069971819827451,0.00031140267203522143
305.658,-0.00070485284368349,-1.528357611183601,0.1057154751671785,-1.6057207320557993,-0.11017595247485268,0.0003148536931023571
305.668,-0.0007125622966395184,-1.5271741959616267,0.10879460698539223,-1.606751938181333,-0.11339461378533677,0.000318247260409521
305.678,-0.0007201468924487031,-1.5259766871778762,0.11191146806645058,-1.6077956388725583,-0.11665287080413567,0.0003215839696197875
305.688,-0.0007276073488968748,-1.524765190521501,0.11506577691816755,-1.6088517409820864,-0.11995042843778325,0.0003248643968909448
305.698,-0.0007349443619810714,-1.5235398116680094,0.11825725203794679,-1.6099201513419605,-0.12328699160627643,0.00032808910018911064
305.708,-0.0007421586226259436,-1.5223006562189194,0.12148561190293616,-1.6110007767687553,-0.1266622652081626,0.00033125862246663473
305.718,-0.0007492507945769944,-1.521047829788391,0.12475057498395703,-1.6120935240536718,-0.130075954169941,0.0003343734834073686
305.728,-0.0007562214618888063,-1.5197814381461965,0.1280518597698448,-1.6131982999466925,-0.13352776352977536,0.00033743416907849877
305.738,-0.0007630712175563659,-1.5185015869536993,0.13138918472409777,-1.6143150111902185,-0.1370173982822971,0.0003404411575793631
305.748,-0.0007698006344751818,-1.5172083818571973,0.13476226830057048,-1.6154435645076544,-0.14054456343160915,0.00034339490989498955
305.758,-0.0007764102633665004,-1.5159019284967525,0.13817082894540178,-1.616583866603317,-0.14410896399525353,0.0003462958699271823
305.768,-0.0007829006336255162,-1.5145823325079222,0.1416145850977868,-1.6177358241635198,-0.14771030500385685,0.0003491444655088216
305.778,-0.0007892722546607445,-1.51324969952266,0.14509325519065364,-1.618899343857842,-0.1513482915001365,0.0003519411095043168
305.788,-0.000795525617409254,-1.5119041351701854,0.14860655765135444,-1.6200743323404718,-0.15502262853779403,0.000354686200988219
305.798,-0.0008016612030212755,-1.5105457450779587,0.15215421090352965,-1.6212606962635765,-0.15873302117558907,0.0003573801398983889
305.808,-0.0008076794651046271,-1.5091746348714234,0.15573593336437863,-1.6224583422453551,-0.16247917448937788,0.0003600232908622658
305.818,-0.0008135808486295915,-1.5077909101759575,0.15935144344856322,-1.623667176900382,-0.1662607935587319,0.00036261601676734756
305.828,-0.0008193657884421057,-1.50639467661707,0.16300045956813847,-1.6248871068353528,-0.1700775834683661,0.0003651586736470591
305.838,-0.0008250347245430945,-1.5049860398241799,0.16668270013609998,-1.626118038674894,-0.17392924929886,0.0003676516392641105
305.848,-0.0008305880702286217,-1.5035651054069354,0.1703978835559843,-1.6273598789949015,-0.17781549614010306,0.00037009523738795735
305.858,-0.0008360262732720614,-1.5021319788350274,0.17414572820685592,-1.6286125343704394,-0.18173602900249808,0.00037248978449699877
305.868,-0.000841349711881989,-1.5006867658811547,0.1779259525211634,-1.6298759113857293,-0.18569055305338011,0.0003748356217672111
305.878,-0.0008465587817605424,-1.499229572214993,0.18173827491317152,-1.6311499166162808,-0.18967877340543104,0.0003771330763671088
305.888,-0.0008516538886711444,-1.4977605034793073,0.1855824137924369,-1.6324344566377742,-0.1937003951527041,0.00037938247425817195
305.898,-0.0008566355322860986,-1.4962796653876944,0.18945808759448735,-1.6337294382474714,-0.1977551233704018,0.000381584395124257
305.908,-0.0008615040464867718,-1.4947871635687713,0.19336501470969125,-1.6350347679124915,-0.20184266320209598,0.00038373905067867753
305.918,-0.0008662597982231901,-1.493283103602067,0.1973029135306703,-1.6363503520722547,-0.2059627197186611,0.0003858466090305157
305.928,-0.0008709032032641062,-1.4917675911394725,0.20127150247418868,-1.6376760972840505,-0.21011499798961442,0.00038790737069138714
305.938,-0.0008754346916530764,-1.490240731843042,0.20527049996203584,-1.6390119101242537,-0.21429920307584194,0.00038992165673334966
305.948,-0.0008798547002344392,-1.4887026313786584,0.20929962441847216,-1.64035769717121,-0.21851504003149014,0.00039188978944881825
305.958,-0.0008841636779939321,-1.4871533954005967,0.21335859426756976,-1.6417133650061797,-0.22276221389473339,0.00039381209261613037
305.968,-0.0008883620692978766,-1.4855931295969282,0.217447127940936,-1.6430788202037472,-0.22704042971446992,0.00039568888273588954
305.978,-0.000892450361088315,-1.4840219394980447,0.22156494384326564,-1.6444539693260842,-0.23134939245033603,0.0003975204524184761
305.988,-0.0008964289985469165,-1.4824399309020817,0.2257117604314658,-1.6458387189640509,-0.235688807180777,0.0003993071388048719
305.998,-0.000900298444216574,-1.4808472095282512,0.22988729614997538,-1.6472329756938637,-0.24005837893866655,0.00040104925713890793
306.008,-0.0009040591774862605,-1.4792438810685773,0.23409126944012382,-1.648636646091218,-0.24445781273222433,0.00040274711929466633
306.018,-0.0009077116898454918,-1.4776300512155414,0.23832339874609065,-1.6500496367354356,-0.2488868135562683,0.0004044010396482278
306.028,-0.0009112564799371725,-1.4760058256638746,0.24258340251451482,-1.6514718542031326,-0.25334508639690156,0.000406011328119682
306.038,-0.0009146940478119703,-1.4743713101112428,0.24687099919416333,-1.6529032050586658,-0.25783233623521973,0.0004075782792387628
306.048,-0.0009180249062232804,-1.4727266102586467,0.25118590723744383,-1.654343595871834,-0.2623482680391973,0.00040910219225054334
306.058,-0.0009212495766215412,-1.471071831808289,0.2555278450994152,-1.6557929332111834,-0.2668925867659384,0.00041058336349930613
306.068,-0.000924368591712188,-1.46940708045504,0.25989653123599243,-1.657251123644628,-0.27146499735744367,0.00041202208688151387
306.078,-0.0009273824830247079,-1.4677324619204641,0.2642916841102556,-1.6587180737337586,-0.276065204759794,0.0004134186489705982
306.088,-0.0009302917931925947,-1.4660480819179138,0.26871302218614623,-1.6601936900390757,-0.28069291390328655,0.00041477333328820976
306.098,-0.0009330970908365543,-1.4643540460476314,0.27316026390744863,-1.6616778790988858,-0.2853478296574483,0.0004160863903770462
306.108,-0.0009357989232228192,-1.4626504601077899,0.27763312775929627,-1.6631705474841199,-0.29002965696677485,0.00041735811756726804
306.118,-0.0009383978452461861,-1.4609374298496947,0.28213133221975095,-1.6646716017476435,-0.2947381007489085,0.0004185887878884742
306.128,-0.0009408944264031049,-1.4592150609971701,0.2866545957634141,-1.666180948439019,-0.29947286589752764,0.00041977866824449706
306.138,-0.0009432892435654594,-1.4574834592723016,0.29120263686653036,-1.6676984941049642,-0.3042336572953914,0.00042092802125548445
306.148,-0.0009455828717328529,-1.4557427303982367,0.2957751740067991,-1.6692241452767935,-0.30902017982208285,0.00042203709088983743
306.158,-0.0009477758956926152,-1.453992980100059,0.30037192566489956,-1.6707578084879606,-0.31383213834507906,0.00042310612258411595
306.168,-0.0009498689055655873,-1.4522343141045322,0.30499261032387004,-1.6722993902682206,-0.3186692377233653,0.0004241353566536432
306.178,-0.0009518624984288238,-1.4504668381321097,0.30963694646748774,-1.6738487971434117,-0.32353118280379345,0.00042512502771607785
306.188,-0.0009537572727280619,-1.4486906579150103,0.31430465258357554,-1.6754059356344455,-0.3284176784311521,0.0004260753645768389
306.198,-0.0009555538303374078,-1.4469058791893026,0.318995447162834,-1.6769707122574302,-0.33332842944356145,0.000426986589756595
306.208,-0.000957252778633233,-1.4451126076877487,0.3237090486971921,-1.6785430335245928,-0.33826314066930685,0.00042785892037322526
306.218,-0.0009588547288323923,-1.4433109491439404,0.3284451756806055,-1.6801228059438134,-0.3432215169293169,0.00042869256785849075
306.228,-0.0009603603008816464,-1.441501009242671,0.33320354659865004,-1.6817099360064511,-0.34820326301868665,0.0004294877209813919
306.238,-0.0009617701174624571,-1.4396828937129162,0.3379838799478456,-1.6833043302140758,-0.35320808373950907,0.0004302445822359502
306.248,-0.0009630847920041319,-1.4378567083463094,0.34278589424026773,-1.6849058950722156,-0.358235683913839,0.00043096336114079037
306.258,-0.0009643049533050174,-1.4360225588872166,0.3476093079799387,-1.6865145370816719,-0.3632857683340962,0.00043164425886121904
306.268,-0.0009654312233227103,-1.4341805510746004,0.35245383967036936,-1.6881301627244842,-0.3683580417935186,0.00043228745417689396
306.278,-0.0009664642282176672,-1.4323307906468734,0.3573192078170848,-1.689752678479485,-0.373452209077219,0.0004328931213706255
306.288,-0.0009674045996339586,-1.4304733833445737,0.3622051309282259,-1.6913819908263643,-0.37856797496244443,0.0004334614350351984
306.298,-0.000968252971784267,-1.428608434909396,0.36711132751402076,-1.693018006241958,-0.3837050442209442,0.00043399256588827484
306.308,-0.0009690099825450105,-1.426736051077773,0.3720375160853884,-1.6946606311999655,-0.388863121616418,0.0004344866801382352
306.318,-0.0009696762695829975,-1.4248563375959493,0.37698341515695954,-1.6963097721714289,-0.39404191191224847,0.0004349439409168099
306.328,-0.000970252472306754,-1.422969400211788,0.38194874324570893,-1.6979653356244868,-0.3992411198671926,0.0004353645072798784
306.338,-0.0009707392327689135,-1.4210753446709334,0.38693321886987775,-1.6996272280249474,-0.4044604502341329,0.0004357485349286705
306.348,-0.0009711371947203062,-1.4191742767195616,0.39193656054958836,-1.7012953558363582,-0.40969960776169057,0.0004360961763723026
306.358,-0.000971447003431436,-1.4172663021046439,0.3969584868068967,-1.7029696255202311,-0.4149582971945591,0.00043640758120933043
306.368,-0.0009716693055930037,-1.4153515265739356,0.401998716165787,-1.704649943536284,-0.42023622327375243,0.0004366828963888736
306.378,-0.000971804749218208,-1.4134300558759845,0.40705696715217243,-1.7063362163426778,-0.4255330907368089,0.0004369222665001615
306.388,-0.0009718539847938246,-1.411501995733319,0.41213295828793495,-1.7080283503881657,-0.430848604309908,0.00043712582296961955
306.398,-0.000971817669786823,-1.4095674518774535,0.4172264080985997,-1.7097262521300816,-0.43618246871333977,0.0004372937074696992
306.408,-0.0009716964554149499,-1.407626530103643,0.42233703512562126,-1.7114298280420948,-0.44153438868781425,0.00043742608365437974
306.418,-0.0009714909867479804,-1.40567933617263,0.42746455790348303,-1.7131389845770824,-0.44690406896961754,0.00043752308915312454
306.428,-0.0009712019101959513,-1.4037259758290144,0.4326086949656647,-1.7148536281749256,-0.452291214285923,0.00043758484394551544
306.438,-0.0009708298812380889,-1.4017665548251015,0.4377691648497768,-1.7165736652886454,-0.4576955293558962,0.00043761148261900473
306.448,-0.000970375556793357,-1.3998011789148206,0.4429456860955536,-1.7182990023725906,-0.463116718896309,0.0004376031407025138
306.458,-0.0009698395941688531,-1.397829953851122,0.4481379772439844,-1.720029545881443,-0.46855448762227336,0.00043755995363436995
306.468,-0.0009692226509461221,-1.3958529853866313,0.4533457568373285,-1.7217652022703516,-0.47400854024779093,0.00043748205703675325
306.478,-0.0009685253829818663,-1.3938703792814093,0.4585687434211341,-1.7235058779952364,-0.4794785814893441,0.00043736958720774766
306.488,-0.0009677484482129017,-1.3918822412924292,0.46380665554208456,-1.725251479512616,-0.4849643160594628,0.00043722268013990373
306.498,-0.0009668925049606258,-1.3898886771769365,0.4690592117484558,-1.7270019132802612,-0.4904654486697151,0.0004370414727370431
306.508,-0.0009659582117782506,-1.3878897926926868,0.4743261305901765,-1.7287570857571786,-0.4959816840309772,0.0004368261027849485
306.518,-0.0009649462274738951,-1.3858856935979913,0.4796071306188594,-1.7305169034038133,-0.5015127268535231,0.0004365767091405459
306.528,-0.0009638572111159149,-1.3838764856517363,0.48490193038778706,-1.732281272682235,-0.5070582818471143,0.00043629343195128456
306.538,-0.0009626918220231317,-1.3818622746133833,0.49021024845190464,-1.7340501000563289,-0.5126180537211207,0.00043597641286119426
306.548,-0.0009614507197435174,-1.3798431662429518,0.4955318033678031,-1.735823291991951,-0.5181917471846438,0.0004356257951867448
306.558,-0.0009601345643552861,-1.3778192663012454,0.5008663136936269,-1.7376007549581423,-0.5237790669464637,0.0004352417255439889
306.568,-0.0009587440161871186,-1.375790680549026,0.5062134979890329,-1.7393823954255603,-0.529379717715015,0.0004348243516671957
306.578,-0.0009572797339520989,-1.3737575147478347,0.5115730748153586,-1.7411681198653484,-0.5349934042008266,0.0004343738210943471
306.588,-0.0009557423778270291,-1.3717198746599466,0.5169447627356076,-1.7429578347525534,-0.5406198311131698,0.0004338902853024962
306.598,-0.0009541536704187337,-1.3696777985969832,0.5223282566301375,-1.744751456223527,-0.5462586766545199,0.000433389384690841
306.608,-0.0009520214985414555,-1.3676329995114018,0.5277237664758685,-1.7465488112783798,-0.5519104249627045,0.00043275601042314094
306.618,-0.0009508524318766476,-1.3655806278552196,0.5331295401913199,-1.7483499371581384,-0.5575723297571535,0.00043216652668220945
306.628,-0.0009489841278664812,-1.3635263780150078,0.5385468991140296,-1.7501547514063076,-0.5632468805612136,0.00043166315340403827
306.638,-0.0009470018453114903,-1.361468196010774,0.5439749952205766,-1.7519630002963278,-0.5689327122348473,0.0004309962892472541
306.648,-0.0009451694390119059,-1.3594054599292302,0.5494133215599861,-1.7537746353829387,-0.5746291407779207,0.00043022932598901775
306.658,-0.0009426204260627458,-1.3573412813038732,0.5548624407906866,-1.755589695397545,-0.5803373754001644,0.00042955494471641487
306.668,-0.000940992476816227,-1.3552700710958951,0.5603203963584731,-1.7574080052936263,-0.5860543189377738,0.0004288821178777269
306.678,-0.0009388652872175385,-1.3531967098573359,0.5657883799559684,-1.7592293571808377,-0.5917820212629055,0.00042800585209512576
306.688,-0.0009361563122487482,-1.3511218740955797,0.5712662153694721,-1.7610538759694223,-0.5975204487440706,0.0004272445813811032
306.698,-0.0009342898798969657,-1.3490404937844003,0.5767520786119755,-1.7628813361781304,-0.603266803795651,0.00042646456082806594
306.708,-0.0009319632839526193,-1.3469572110694361,0.5822471101220268,-1.7647115778675677,-0.6090229894413124,0.0004255009137734689
306.718,-0.0009290981667655629,-1.3448726703624476,0.5877511279841654,-1.7665447120003992,-0.6147889539688789,0.0004246528804081606
306.728,-0.0009270013666267118,-1.3427820703535536,0.5932623666341197,-1.768380482953408,-0.6205620612652565,0.00042376873229255096
306.738,-0.0009244813985445077,-1.340689817803449,0.5987819132549452,-1.770218772991646,-0.6263440724779414,0.0004227192933177193
306.748,-0.0009214638567005551,-1.338596525660609,0.6043095802894713,-1.7720596794518975,-0.6321349184890304,0.00042178503245882126
306.758,-0.0009191447373311235,-1.3364976565110689,0.6098436620999097,-1.7739029216061968,-0.6379321188429801,0.0004207998616090336
306.768,-0.0009164374092005545,-1.334397385802857,0.6153851910655241,-1.775748418623437,-0.6437372979167391,0.0004196663019397917
306.778,-0.0009132712446726643,-1.3322962957404225,0.620933974069783,-1.7775962545969297,-0.6495503698501945,0.0004186465438218434
306.788,-0.0009104319682915474,-1.330191337697183,0.6264887708789102,-1.7794461497833596,-0.6553695642113091,0.0004175480345320892
306.798,-0.000907520245135629,-1.3280841487436177,0.6320497768576212,-1.7812980669711131,-0.6611953182791632,0.000416413079599387
306.808,-0.0009045498708610822,-1.3259748133884217,0.6376167028794937,-1.7831519178648274,-0.667027316813904,0.0004152492599303059
306.818,-0.0009018598342249717,-1.323861990471556,0.6431888096057401,-1.7850075239490883,-0.6728646174129667,0.000413985984890175
306.828,-0.000898436341936204,-1.3217501157821683,0.6487671845444822,-1.7868650484113737,-0.6787088648152135,0.00041283962481308834
306.838,-0.0008956102835284696,-1.3196335934628747,0.6543497427089013,-1.7887240501995767,-0.6845572111963749,0.0004115147706880151
306.848,-0.0008920949631772146,-1.3175181068071502,0.6599379726319778,-1.7905847899345564,-0.6904118486302044,0.0004103126259513701
306.858,-0.0008891370836394685,-1.3153983001301943,0.665529852917425,-1.7924468163880642,-0.6962700578763004,0.0004089319023474758
306.868,-0.0008855319062730516,-1.3132796241830886,0.6711268116897102,-1.7943103969457463,-0.7021339048318627,0.0004076744380983044
306.878,-0.0008824456772478229,-1.3111569553677949,0.6767268885672779,-1.7961750748624232,-0.7080007950504221,0.00040623915481674544
306.888,-0.0008787524310509554,-1.3090355139910723,0.6823314504467479,-1.7980411219792516,-0.7138726713712096,0.000404927006875333
306.898,-0.0008755413042065285,-1.306910405302929,0.6879385983897413,-1.7999080781590062,-0.7197470606934004,0.00040343847961388235
306.908,-0.0008717618052935805,-1.3047866223815203,0.6935496376602135,-1.8017762176316725,-0.725625786220828,0.0004020723411981564
306.918,-0.0008684292006400085,-1.3026594960326185,0.6991627311165933,-1.8036450788520377,-0.7315064927976218,0.00040053186373167904
306.928,-0.0008648022136981126,-1.300532641177299,0.7047787423270373,-1.8055148421946172,-0.7373903979899463,0.00039903793428663903
306.938,-0.0008608970669623517,-1.2984061075257116,0.7103973958136862,-1.8073853860381335,-0.7432771705578265,0.0003975344377380452
306.948,-0.0008571692076317916,-1.2962778683109455,0.7160176460719816,-1.8092565343214608,-0.7491656106622138,0.000396056451146265
306.958,-0.0008536570638844054,-1.2941477628564957,0.7216391834563645,-1.811128068299205,-0.7550553084416531,0.0003944019882196059
306.968,-0.0008495814605335994,-1.292019660784981,0.7272629760462763,-1.8130002232502656,-0.7609475786716464,0.0003928315741932309
306.978,-0.0008457085315605184,-1.2898900540701124,0.7328874788382995,-1.8148726839698885,-0.7668405779836007,0.00039127288527307513
306.988,-0.0008420254697893981,-1.2877589965386036,0.7385124519679405,-1.8167452563135362,-0.7727339987980857,0.0003895473332109489
306.998,-0.0008378380877740454,-1.2856300726084722,0.7441387797005383,-1.818618168753765,-0.7786290128002733,0.00038790656603726603
307.008,-0.0008338266060841093,-1.2835000588162264,0.7497650051626961,-1.8204910913779329,-0.7845239084405815,0.00038626497505056534
307.018,-0.0008297809766393272,-1.2813700088299826,0.7553912421814033,-1.8223639455892262,-0.7904188222722093,0.00038450233201103856
307.028,-0.0008256928498573401,-1.2792401753811784,0.7610172014964673,-1.8242366985912217,-0.7963134840893309,0.0003827646855576461
307.038,-0.0008217495052083024,-1.2771096028196645,0.7666422400505928,-1.826109155326559,-0.8022071923599619,0.0003809731016772844
307.048,-0.0008173572342835556,-1.2749815656713428,0.7722671940426764,-1.8279814947466773,-0.8081009356527824,0.0003792736280301412
307.058,-0.0008131324671296625,-1.2728529212481925,0.7778906562661252,-1.8298533223731295,-0.8139930872964385,0.00037746877084643415
307.068,-0.0008088662111687128,-1.2707248825119366,0.7835127235725947,-1.831724654274542,-0.8198838071631043,0.00037564010575152906
307.078,-0.0008047523692313874,-1.2685964932516425,0.7891327481205845,-1.8335952849520099,-0.8257723712544154,0.00037370492797883514
307.088,-0.0008002275470202491,-1.26647096840629,0.79475153725891,-1.8354654319461639,-0.831659734903389,0.0003718685063898164
307.098,-0.0007958365926592492,-1.264345394200596,0.8003677322246574,-1.8373347220525145,-0.8375443971839065,0.00036998035559676623
307.108,-0.000791414560128878,-1.2622207961179848,0.8059813892105963,-1.8392031362873245,-0.843426426200617,0.00036806345103634897
307.118,-0.0007869498874688574,-1.2600973564407576,0.8115922509356608,-1.8410705922960653,-0.8493055580975923,0.0003661301106872017
307.128,-0.0007824472364550417,-1.257975157736461,0.8172000287381431,-1.8429369933875859,-0.8551814876687063,0.00036417695658652605
307.138,-0.0007779075319573892,-1.2558543026661526,0.8228044401870394,-1.8448022457455688,-0.8610539187826571,0.00036220387790208974
307.148,-0.0007733314433675531,-1.25373489657957,0.8284052037395906,-1.8466662559358222,-0.8669225561321676,0.00036021112669626376
307.158,-0.0007687196187005085,-1.251617045189035,0.8340020379737858,-1.848528930579692,-0.8727871045018691,0.0003581990073486807
307.168,-0.0007640727076259068,-1.2495008542565056,0.8395946614845533,-1.8503901763076445,-0.8786472686823901,0.0003561678322521189
307.178,-0.0007593913616661396,-1.2473864295509711,0.8451827928692976,-1.8522498997525605,-0.8845027534632779,0.00035411791585371333
307.188,-0.0007546762331545054,-1.2452738768424554,0.8507661507257156,-1.854108007548661,-0.8903532636337665,0.0003520495738680296
307.198,-0.0007499279746836507,-1.243163301901088,0.8563444536514151,-1.855964406331275,-0.8961985039835136,0.00034996312319712786
307.208,-0.0007451472388781966,-1.2410548104969246,0.8619174202437989,-1.8578190027367687,-0.9020381793029681,0.00034785888188793024
307.218,-0.0007403346783041442,-1.2389485083998995,0.8674847691000407,-1.8596717034024528,-0.9078719943834903,0.00034573716907537744
307.228,-0.0007354909454386771,-1.2368445013798233,0.8730462188170556,-1.8615224149665583,-0.913699654017397,0.00034359830496022425
307.238,-0.000730616692656838,-1.2347428952063628,0.8786014879914932,-1.8633710440681637,-0.9195208629979712,0.0003414426107184454
307.248,-0.0007257125722306412,-1.2326437956490393,0.8841502952197198,-1.8652174973471474,-0.9253353261194475,0.00033927040848968915
307.258,-0.0007207792363290721,-1.230547308477221,0.8896923590978156,-1.86706168144415,-0.9311427481769989,0.00033708202129645315
307.268,-0.0007158173370243048,-1.2284535394601368,0.8952273982215573,-1.8689035030005132,-0.9369428339667163,0.0003348777730103336
307.278,-0.0007108275262908137,-1.2263625943668541,0.9007551311864237,-1.870742868658248,-0.9427352882855988,0.000332657988290741
307.288,-0.0007058104560115908,-1.2242745789662866,0.9062752765875715,-1.8725796850599727,-0.9485198159315251,0.0003304229925582547
307.298,-0.000700766777979922,-1.2221895990271923,0.91178755301984,-1.8744138588488934,-0.9542961217032468,0.0003281731119226805
307.308,-0.0006956971439073811,-1.220107760318166,0.9172916790777403,-1.8762452966687388,-0.9600639104003585,0.0003259086731510763
307.318,-0.0006906022054211647,-1.218029168607649,0.9227873733554519,-1.8780739051637414,-0.965822886823295,0.0003236300036295603
307.328,-0.0006854826140738624,-1.2159539296639126,0.9282743544468142,-1.8798995909785723,-0.9715727557733018,0.00032133743131002035
307.338,-0.000680339021344345,-1.2138821492550702,0.9337523409453219,-1.8817222607583406,-0.9773132220524277,0.0003190312846719223
307.348,-0.0006751720786422055,-1.2118139331490674,0.9392210514441244,-1.883541821148515,-0.9830439904635018,0.0003167118926876711
307.358,-0.0006699824373139762,-1.2097493871136835,0.9446802045360174,-1.8853581787949278,-0.9887647658101235,0.0003143795847746489
307.368,-0.0006647707486431287,-1.2076886169165355,0.9501295188134424,-1.887171240343712,-0.9944752528966401,0.0003120346907694582
307.378,-0.0006595376322069413,-1.2056317282749338,0.9555687128410986,-1.888980912367566,-1.0001751564996209,0.0003096775221846926
307.388,-0.0006542838192649114,-1.2035788270971934,0.9609975052832107,-1.8907871016637814,-1.0058641814524245,0.0003073084367830603
307.398,-0.0006490099048699349,-1.2015300190263865,0.9664156146722789,-1.8925897148001636,-1.0115420325754005,0.0003049277641409276
307.408,-0.0006437165424442171,-1.1994854098568177,0.9718227596101752,-1.8943886584257208,-1.0172084146733757,0.00030253583050132704
307.418,-0.0006384043859979371,-1.1974451053597333,0.9772186586895986,-1.8961838391879229,-1.022863032548548,0.0003001329657994489
307.428,-0.0006330740879461061,-1.195409211302646,0.9826030305013163,-1.8979751637341749,-1.0285055910065815,0.0002977195011188982
307.438,-0.0006277262998395372,-1.1933778334522305,0.9879755936353627,-1.8997625387119652,-1.0341357948554695,0.00029529576806019975
307.448,-0.000622361672851568,-1.1913510775748228,0.9933360666813016,-1.9015458707688864,-1.039753348904556,0.00029286209851964173
307.458,-0.0006169808579983282,-1.1893290494365372,0.9986841682282828,-1.903325066552593,-1.0453579579641064,0.000290418824575589
307.468,-0.0006115845062222292,-1.1873118548032957,1.0040196168650715,-1.90510003271079,-1.0509493268450987,0.0002879662784387449
307.478,-0.0006061732684345955,-1.1852995994408493,1.0093421311800554,-1.9068706758912115,-1.0565271603591508,0.00028550479242284155
307.488,-0.0006007477955281004,-1.183292389114771,1.0146514297612441,-1.9086369027415997,-1.0620911633184775,0.0002830346989179944
307.498,-0.0005953087383909761,-1.181290329590461,1.0199472311962756,-1.9103986199096865,-1.067641040535861,0.000280556330355175
307.508,-0.0005898567479070138,-1.1792935266331532,1.0252292540724124,-1.9121557340431745,-1.073176496824642,0.00027807001920621133
307.518,-0.0005843924749635576,-1.1773020860079082,1.0304972169765438,-1.9139081517897254,-1.0786972369987051,0.00027557609793937843
307.528,-0.0005789165704568333,-1.1753161134796188,1.0357508384951908,-1.9156557797969485,-1.0842029658724543,0.000273074899025616
307.538,-0.0005734296852963894,-1.1733357148130066,1.0409898372144957,-1.9173985247123615,-1.0896933882608177,0.0002705667549030011
307.548,-0.000567932470405097,-1.1713609957726285,1.0462139317202404,-1.9191362931834122,-1.0951682089792172,0.00026805199797763635
307.558,-0.0005624255767289199,-1.1693920621228704,1.0514228405978319,-1.920868991857445,-1.1006271328435657,0.0002655309605898992
307.568,-0.000556909655238691,-1.1674290196279544,1.056616282432313,-1.9225965273816832,-1.1060698646702516,0.0002630039750117774
307.578,-0.0005513853569318883,-1.1654719740519324,1.061793975808361,-1.9243188064032402,-1.1114961092761337,0.0002604713734388753
307.588,-0.0005458533328432935,-1.1635210311586943,1.0669556393102884,-1.9260357355690796,-1.116905571478516,0.0002579334879584394
307.598,-0.0005403142340387745,-1.1615762967119634,1.0721009915220474,-1.9277472215260363,-1.1222979560951432,0.00025539065055202315
307.608,-0.0005349610722173992,-1.1596358566349705,1.0772290183149735,-1.9294529077196834,-1.1276723496217365,0.0002526871279462384
307.618,-0.000529213225401115,-1.157705874995729,1.0823416348619457,-1.931153491078058,-1.1330303198129705,0.00025029440104251677
307.628,-0.0005237266134061613,-1.1557804847056896,1.0874364312938436,-1.9328480851015635,-1.1383696927313478,0.00024766877573245694
307.638,-0.0005180954970924745,-1.1538615568551076,1.092513657520115,-1.934536866730118,-1.1436908247571997,0.00024517936790058315
307.648,-0.0005125294711767481,-1.1519494504492191,1.0975732310493074,-1.936219736676461,-1.1489933949510673,0.00024261817109838546
307.658,-0.0005069744966954559,-1.1500441998168875,1.1026148104468732,-1.937896602222032,-1.1542770832894425,0.00024004665475896303
307.668,-0.0005014616259888527,-1.1481459556945504,1.1076381660198251,-1.9395673709185224,-1.159541691365698,0.0002374127943385318
307.678,-0.0004960100605835294,-1.1462525585881786,1.1126420776277666,-1.9412316773890077,-1.164786211920581,0.00023475416717388953
307.688,-0.0004902448582102537,-1.144370513915314,1.1176287166978591,-1.9428902479981471,-1.1700122349424795,0.00023234140301564565
307.698,-0.0004846705175181043,-1.1424936789567315,1.12259547688417,-1.9445421672905758,-1.1752176079034555,0.00022976785065864647
307.708,-0.0004790959958045349,-1.14062421865807,1.1275428315833205,-1.9461876167909335,-1.180402658665769,0.00022719285294137137
307.718,-0.0004735226115046842,-1.138762234378463,1.1324704974323705,-1.9478265025484336,-1.1855670885527232,0.00022461656774108718
307.728,-0.0004679507294378382,-1.1369078333118432,1.1373781935077911,-1.9494587314522893,-1.1907106032410102,0.00022203956364563737
307.738,-0.0004623809324701966,-1.1350611213574469,1.142265638431434,-1.951084210175852,-1.1958329077349754,0.00021946221760682505
307.748,-0.0004568138487366369,-1.1332222042926918,1.1471325507856234,-1.9527028453683921,-1.2009337069185912,0.0002168848731205486
307.758,-0.000451250121995983,-1.1313911878796679,1.1519786491483837,-1.9543145436747067,-1.2060127056363772,0.00021430786395537638
307.768,-0.0004458729416692009,-1.12956613913534,1.156802897851433,-1.9559189308906269,-1.211069009349524,0.00021157234030511063
307.778,-0.0004402086652977033,-1.1277533596709535,1.1616073466431134,-1.9575167571024896,-1.216104138336366,0.00020907993760665988
307.788,-0.0004345956857996214,-1.1259466126049194,1.166389250523574,-1.9591070829557302,-1.2211159180254718,0.00020657656799105695
307.798,-0.0004290428778714883,-1.1241482435965728,1.1711492742517562,-1.9606901007436952,-1.2261047895640678,0.0002040088158219433
307.808,-0.00042368966940387054,-1.122356229405035,1.1758863047664203,-1.962265424044333,-1.2310697552017906,0.0002012775716817572
307.818,-0.00041805243883885623,-1.1205770009428375,1.1806024551287946,-1.963833831822933,-1.2360123817199922,0.00019878985436783125
307.828,-0.0004124630472377433,-1.1188041846010301,1.1852949098091363,-1.965394355621728,-1.2409304577942395,0.00019629957278688437
307.838,-0.0004069404760782547,-1.117040169377727,1.189964361092911,-1.9669471989684113,-1.245824454524489,0.00019374223764856424
307.848,-0.00040162310578129023,-1.1152828856392085,1.1946096724504844,-1.9684919646836208,-1.2506933560457822,0.0001910190837683956
307.858,-0.00039602300403895896,-1.1135388975533809,1.199233020308606,-1.9700294603902226,-1.2555387579151391,0.0001885417962270708
307.868,-0.00039046766142813993,-1.1118017044405126,1.2038315231209973,-1.9715586883571645,-1.260358407608198,0.00018606992243253018
307.878,-0.00038498575330070395,-1.1100737351410161,1.2084058991621616,-1.9730798635212312,-1.2651528068581355,0.0001835282630118229
307.888,-0.00037971441248885185,-1.108352876381449,1.212954989586878,-1.9745925781145917,-1.2699209226530614,0.0001808184403380153
307.898,-0.00037416175645610394,-1.1066458184986592,1.2174810311202302,-1.9760976679381002,-1.274664376535708,0.0001783569142670416
307.908,-0.0003686512434040168,-1.1049459407879494,1.2219810792912806,-1.9775941062107978,-1.2793808765932635,0.00017590858519600516
307.918,-0.0003633960327649177,-1.1032536723817061,1.2264551129883312,-1.9790818263236507,-1.2840703782005463,0.00017322715870182748
307.928,-0.0003578192685109727,-1.1015752040828415,1.2309050862203978,-1.980561607303732,-1.2887341632206812,0.00017086335979676903
307.938,-0.0003524949113495879,-1.0999045458383703,1.23532847493924,-1.982032482957346,-1.2933703502867502,0.00016827156710252922
307.948,-0.0003472217415776413,-1.098241592458766,1.2397247881226257,-1.9834943379122723,-1.2979784308641387,0.00016568225209745435
307.958,-0.00034169158173913416,-1.09659288000328,1.244096290470238,-1.984947992059452,-1.3025599887471149,0.00016333854375449874
307.968,-0.0003364188538679258,-1.0949522668783158,1.2484403524279628,-1.9863924559297153,-1.3071130686233365,0.00016076422611721597
307.978,-0.0003311966866998972,-1.0933196561968097,1.2527564818456156,-1.9878276125472474,-1.3116371442887846,0.0001581976307960531
307.988,-0.00032571821563909253,-1.0917016493752258,1.2570469792041168,-1.989254299748398,-1.3161338206225972,0.00015587805165218072
307.998,-0.0003205023392531814,-1.0900920341412454,1.2613091818555873,-1.9906715118158371,-1.3206011379813933,0.00015332446759686036
308.008,-0.0003153371732089738,-1.0884907190373416,1.265542595141281,-1.992079129945822,-1.3250385527806507,0.00015078353774011788
308.018,-0.0003099163272786143,-1.0869043687465048,1.2697495542281914,-1.9934780098361755,-1.329447690731051,0.00014849102028069439
308.028,-0.00030476284950609056,-1.085326703228313,1.2739273646985145,-1.9948671298763236,-1.3338265891668595,0.00014596114560738727
308.038,-0.00029966087886723614,-1.0837576364365533,1.278075529441515,-1.9962463693385364,-1.338174686822443,0.00014344873667049285
308.048,-0.0002943036461280357,-1.0822038935847738,1.2821964169761024,-1.9976166015338133,-1.3424936294705914,0.00014118617493341645
308.058,-0.00028921807865156524,-1.0806591296060561,1.2862873023837205,-1.9989767893093053,-1.3467814525135733,0.000138682973283899
308.068,-0.0002841855688036077,-1.0791232638202126,1.2903476861564753,-2.000326809924997,-1.35103757673326,0.00013620193075958298
308.078,-0.00027889795905888803,-1.0776030793507567,1.294379968866913,-2.001667554031186,-1.3552636671857146,0.00013397220679234323
308.088,-0.00027388575580467034,-1.0760921687344316,1.298381396323002,-2.0029979692937308,-1.3594577583394205,0.00013149863820949292
308.098,-0.0002689290445587744,-1.074590456608609,1.3023514666808547,-2.0043179308860126,-1.363619252828558,0.00012905180106681513
308.108,-0.00026371709443129276,-1.073104781497811,1.3062926113041682,-2.005628346500233,-1.3677498342216898,0.00012685778629251132
308.118,-0.0002587836418070921,-1.0716286760662672,1.3102020479129797,-2.0069281489908346,-1.3718475369649914,0.0001244168074867602
308.128,-0.00025390914885914384,-1.0701620702173222,1.3140792723949115,-2.0082172113845833,-1.3759117454264418,0.00012200700846598522
308.138,-0.00024877892937169577,-1.0687118554721786,1.3179267456767336,-2.0094964580956094,-1.37994416092595,0.00011985156398264252
308.148,-0.00024392953563090458,-1.0672715070476053,1.3217416585360562,-2.01076480754477,-1.3839428187135248,0.00011744612820585587
308.158,-0.00023914377472422643,-1.0658409600576737,1.3255235046655232,-2.012022130566556,-1.3879070848470683,0.00011507619396500246
308.168,-0.00023410140037594118,-1.0644271567134023,1.3292747733597698,-2.013269367955273,-1.3918386776471827,0.00011296217083867077
308.178,-0.00022934128301166368,-1.0630235171181066,1.3329926295614118,-2.0145054240832443,-1.395735633910034,0.00011059522771539321
308.188,-0.0002246508770484823,-1.061629981537142,1.3366765648472239,-2.0157301675612342,-1.3995973014117942,0.0001082679789501384
308.198,-0.00021970251681491249,-1.060253540654745,1.3403290957156786,-2.0169445552010656,-1.4034254147343281,0.00010619821855151201
308.208,-0.00021503678738721277,-1.0588875617114526,1.3439473623459692,-2.01814747771814,-1.4072180128804606,0.00010387271391820718
308.218,-0.00021044848722517884,-1.05753199005977,1.3475308542831996,-2.0193388014820344,-1.4109744254423813,0.00010159096545692137
308.228,-0.00020560037811012677,-1.0561938627236154,1.3510821140950506,-2.0205194989392923,-1.4146964025357276,9.956829982726845e-05
308.238,-0.0002010340237674768,-1.0548664962557603,1.354598258235348,-2.021688447546144,-1.4183819859508793,9.728717556978239e-05
308.248,-0.00019655473165780535,-1.0535498410265312,1.3580787743062652,-2.022845511427104,-1.422030487260253,9.505373643481363e-05
308.258,-0.00019181319564598454,-1.0522509783419947,1.361526229837576,-2.023991678261306,-1.4256436713982286,9.3080988698091e-05
308.268,-0.0001873510563594749,-1.050963176173991,1.3649377185647902,-2.0251258126493483,-1.4292195834467476,9.084718258378643e-05
308.278,-0.00018298785528436667,-1.0496863898357105,1.3683127262397852,-2.026247776479925,-1.4327575171857925,8.866485600744767e-05
308.288,-0.00017835932088150486,-1.048427742926856,1.3716538442729416,-2.027358572244054,-1.4362592516664483,8.674484078685651e-05
308.298,-0.00017400606109063688,-1.047180456884355,1.3749581446600478,-2.028457052095838,-1.439722835692181,8.456128633671511e-05
308.308,-0.00016976625153297675,-1.0459444918832392,1.3782251113985753,-2.029543075709897,-1.4431475455376397,8.243286970355257e-05
308.318,-0.00016525728151250973,-1.044727011890595,1.3814573587216952,-2.030617659950623,-1.4465351736819905,8.056839355941037e-05
308.328,-0.00016101735442841658,-1.0435211938007247,1.3846519378382398,-2.031679644940233,-1.4498837730092315,7.84380199370105e-05
308.338,-0.00015690850053484695,-1.042327002563036,1.38780833108975,-2.032728888172867,-1.453192602632046,7.636630464080696e-05
308.348,-0.00015252582814095916,-1.0411516406414367,1.3909291744960672,-2.0337664204307164,-1.4564634677827275,7.456016649243224e-05
308.358,-0.0001484034303329551,-1.0399882423330282,1.3940114994086672,-2.0347910702241854,-1.4596944257172,7.248589844710551e-05
308.368,-0.00014443341778580532,-1.038836777267323,1.3970547866135306,-2.035802692911633,-1.462884718782183,7.047366961288049e-05
308.378,-0.0001401839945343042,-1.0377044845838659,1.4000616929007847,-2.036802332721098,-1.4660361643021016,6.872866113649678e-05
308.388,-0.0001361830091628491,-1.0365844578751593,1.4030292306691727,-2.0377888069751724,-1.4691468241326513,6.671341918629281e-05
308.398,-0.00013236010476980198,-1.035476671473815,1.4059568792939006,-2.038761968969244,-1.472215924298638,6.47634629098448e-05
308.408,-0.00012825117837067523,-1.0343883990971017,1.4088473152260201,-2.0397228758424863,-1.475245293565842,6.308235892493741e-05
308.418,-0.000124375093355944,-1.033312695848682,1.4116975329221209,-2.0406703342124195,-1.4782329985642972,6.112906060184997e-05
308.428,-0.00012070806628372566,-1.032249540419049,1.4145070103669877,-2.041604195340985,-1.4811782494855796,5.924414221603058e-05
308.438,-0.00011674722814003502,-1.0312062396192034,1.4172784427778922,-2.04252552881329,-1.4840828859008797,5.7629728616781506e-05
308.448,-0.00011299904510675418,-1.0301758116618893,1.4200088074608974,-2.0434331309423137,-1.4869449793202119,5.574128378960097e-05
308.458,-0.00010949726753572975,-1.0291582394288878,1.422697581094539,-2.044326851023276,-1.48976372463762,5.392415434268827e-05
308.468,-0.00010566254846633427,-1.0281609170723784,1.4253475496452532,-2.0452077904846226,-1.4925411224564478,5.2292251309538074e-05
308.478,-0.00010226993422524089,-1.0271746096071188,1.4279545979597605,-2.046074337200013,-1.4952741348848377,5.051556923429956e-05
308.488,-9.85359511460615e-05,-1.0262080709979962,1.430521992842011,-2.046927813284657,-1.4979650814757797,4.8909481172643154e-05
308.498,-9.526516539803964e-05,-1.0252531004891592,1.4330460381629804,-2.047766758639636,-1.5006110972998332,4.7179313549250423e-05
308.508,-9.16249966538274e-05,-1.0243181246803468,1.435529874388049,-2.0485924512954488,-1.5032144624994688,4.562112139350205e-05
308.518,-8.847921518650992e-05,-1.0233949204737882,1.4379697932582491,-2.0494034229498195,-1.505772304354613,4.3939951195781646e-05
308.528,-8.493394176678493e-05,-1.0224919311444542,1.4403689452923798,-2.0502009588008527,-1.5082869084551485,4.243121181790599e-05
308.538,-8.191829103232351e-05,-1.0216009165311524,1.4427236121094742,-2.0509835833593457,-1.5107553960473181,4.080034436437785e-05
308.548,-7.846913571096792e-05,-1.0207303365538258,1.4450369541203347,-2.0517525888624575,-1.513180058400101,3.934235539748698e-05
308.558,-7.558914491045954e-05,-1.0198719347226681,1.447305243247877,-2.0525064929027583,-1.5155580111367346,3.7763009579805384e-05
308.568,-7.223721208404754e-05,-1.0190341869512023,1.4495316493963832,-2.0532465945057674,-1.5178915509892805,3.635704180826593e-05
308.578,-6.949865542793532e-05,-1.0182088210900468,1.4517124351979058,-2.053971404604076,-1.5201777882410568,3.483041896590322e-05
308.588,-6.624496132978663e-05,-1.0174043283783651,1.4538507796450393,-2.054682228752284,-1.5224190248281682,3.347774003259474e-05
308.598,-6.365366400018502e-05,-1.0166124216743115,1.4559429364834653,-2.055377571484303,-1.5246123659592232,3.200502963274232e-05
308.608,-6.049926542495143e-05,-1.015841606877112,1.4579920933905548,-2.0560587446210445,-1.526760118514252,3.070690734041648e-05
308.618,-5.8060673444160216e-05,-1.0150835825164035,1.4599944956280755,-2.056724246562007,-1.528859382885912,2.9289284328548604e-05
308.628,-5.500699189386893e-05,-1.0143468684891264,1.4619533391567954,-2.0573753951287403,-1.5309124706421526,2.8046987488927755e-05
308.638,-5.272521578358891e-05,-1.0136231496571593,1.46386486115488,-2.0580106828533498,-1.5329164776133215,2.668560702723255e-05
308.648,-4.977481578993803e-05,-1.0129209592559254,1.4657322654672589,-2.0586314332896998,-1.5348737198041453,2.550040607030013e-05
308.658,-4.765050113686442e-05,-1.0122319691370893,1.4675517815866108,-2.0592361333720226,-1.5367812887312438,2.419639551121122e-05
308.668,-4.4808953820307806e-05,-1.011564725218722,1.4693266208450515,-2.0598261121157937,-1.538641504590184,2.3069563126476567e-05
308.678,-4.283437219765318e-05,-1.0109108869957113,1.471053005445385,-2.0603998511290977,-1.5404514548269086,2.1824009800219812e-05
308.688,-4.011487343902331e-05,-1.0102790124178724,1.4727341538127714,-2.0609586846163315,-1.5422134635878777,2.0756821630385502e-05
308.698,-3.8261833291031166e-05,-1.009660749269062,1.4743662812518767,-2.0615010891325984,-1.5439246144846424,1.9570753877928837e-05
308.708,-3.570086773585501e-05,-1.0090646668900651,1.4759526128917946,-2.0620284037976737,-1.545587235383275,1.8564489288941388e-05
308.718,-3.3917717805032055e-05,-1.0084824019720908,1.4774893575197439,-2.0625391003851434,-1.5471984062855455,1.7438845909545364e-05
308.728,-3.399631752465382e-05,-1.0079225347253027,1.4789797466268961,-2.0630345226774387,-1.5487604585909214,1.649481250520779e-05
308.738,-6.314419063091492e-05,-1.0073766916209432,1.4804199828529034,-2.063513137906971,-1.5502704685901962,1.543030002615353e-05
308.748,-5.9913466357919276e-05,-1.0068534620887097,1.4818133034836158,-2.0639762942022046,-1.551730771402787,1.4549713103662043e-05
308.758,-3.309319466637817e-05,-1.0063444632379708,1.4831559057133115,-2.0644224547348533,-1.5531384407654807,1.3547281666248523e-05
308.768,-5.3893077793354394e-05,-1.005858294632122,1.4844510320482547,-2.064852971452821,-1.554495813101843,1.273136308821421e-05
308.778,-3.460833082158388e-05,-1.0053865638592574,1.4856948746058407,-2.065266303791723,-1.5557999604883612,1.1791000531502505e-05
308.788,3.303041269298035e-05,-1.004937878510592,1.4868906808649562,-2.0656638074330584,-1.5570532222078075,1.10412872889043e-05
308.798,-4.9205616073244585e-05,-1.0045038390188867,1.488034637989287,-2.066043938052433,-1.5582526664195004,1.016237804840614e-05
308.808,-3.279916717069398e-05,-1.0040930602408265,1.489129998388404,-2.0664080550455766,-1.5594006365777204,9.48009751411405e-06
308.818,3.653147679028024e-05,-1.003697134460914,1.4901729444852156,-2.0667546106076196,-1.5604941978666744,8.661697330047957e-06
308.828,3.7107636542188516e-05,-1.0033246851123552,1.491166733112073,-2.0670849673220872,-1.561535695363017,8.047970958990902e-06
308.838,-4.971347088211786e-05,-1.0029672974644652,1.4921075426892134,-2.067397574399713,-1.5625221923797081,7.286765914216176e-06
308.848,-4.793741688047248e-05,-1.0026336000372733,1.492998633628435,-2.0676937972286393,-1.5634560365250962,6.742787910241077e-06
308.858,-4.570159918770855e-05,-1.0023151726833974,1.4938361809493523,-2.06797208240364,-1.5643342893076735,6.0330281481668635e-06
308.868,-4.3765301116494015e-05,-1.0020206503301343,1.4946234484436198,-2.0682337977997496,-1.5651592993761962,5.559688291967291e-06
308.878,-4.2079522959426185e-05,-1.0017416067833478,1.4953566078616758,-2.068477387606905,-1.565928126884506,4.890557943504348e-06
308.888,-4.065453780732753e-05,-1.0014866823102941,1.496038926077909,-2.068704221990505,-1.566643122122521,4.486907415390817e-06
308.898,-3.944093946195437e-05,-1.0012474457649174,1.4966665719589605,-2.068912742996664,-1.5673013436968013,3.842760858852046e-06
308.908,-3.842469741588417e-05,-1.0010325420169062,1.4972428150550101,-2.06910432277941,-1.5679051433255768,3.495603095871047e-06
308.918,-3.7590197218939636e-05,-1.000833535675232,1.4977638217652514,-2.069277401549798,-1.5684515782970694,2.8662327133943677e-06
308.928,-3.6883721590719176e-05,-1.0006590754968154,1.4982328638984166,-2.0694333531408096,-1.5689430015330776,2.5911557619551218e-06
308.938,-3.633934405389283e-05,-1.0005007225627283,1.498646105804573,-2.0695706162365384,-1.5693764692223189,5.4926416925837884e-06
308.948,-3.586063074756396e-05,-1.000367128797669,1.4990068211317507,-2.069690566044024,-1.569754335283628,2.5535586232194873e-06
308.958,-3.553265672362471e-05,-1.0002498524765409,1.4993111726016712,-2.0697916400313283,-1.5700736550240508,4.4244807444471235e-06
308.968,-3.522151943258223e-05,-1.000157547967772,1.4995624352789747,-2.0698752144570762,-1.5703367831160957,2.4490626246986835e-06
308.978,-3.505543760695673e-05,-1.0000817714668384,1.4997567706811932,-2.069939725897712,-1.5705407742315103,2.659350551326156e-06
308.988,-3.487336670371377e-05,-1.0000311790562992,1.4998974548640067,-2.069986551339508,-1.5706879835539285,4.992298837436238e-06
308.998,-3.4834112011772334e-05,-0.9999973255846875,1.4999806485680418,-2.0700141267937906,-1.5707754653641457,4.604326030666073e-06
309.008,-3.476272162838967e-05,-0.9999888681131022,1.5000096284114797,-2.070023829655509,-1.5708055751355658,4.837553406744632e-06
309.018,-3.480706535352596e-05,-0.9999904739936907,1.500016226430013,-2.0700272207832087,-1.5708049124129824,4.569104799401202e-06
309.028,-3.4762697936230325e-05,-1.0000038181554538,1.5000395286536374,-2.070038839940319,-1.5708055750205698,4.837623554188042e-06
309.038,-3.480723218007853e-05,-1.0000203116677804,1.5000759019641965,-2.0700571786284097,-1.570804912274209,4.569307653135013e-06
309.048,-3.476299799043403e-05,-1.0000484682003685,1.500128829329186,-2.070083669969327,-1.5708055748098335,4.837929700407528e-06
309.058,-3.480776064801461e-05,-1.0000796994960763,1.5001946780173672,-2.0701168056565673,-1.57080491211119,4.569780026386638e-06
309.068,-3.476363476284661e-05,-1.0001225182585392,1.5002769304412773,-2.070158018536699,-1.5708055745386122,4.8384865527495435e-06
309.078,-3.4808655065887706e-05,-1.0001683374784063,1.500371954584942,-2.0702058006574373,-1.5708049119288052,4.570521976887676e-06
309.088,-3.476460686080429e-05,-1.000225668329948,1.5004832319852088,-2.0702615844318806,-1.5708055742082347,4.839292099489967e-06
309.098,-3.480991307025505e-05,-1.00028592561304,1.500607131661166,-2.0703238624197966,-1.5708049117273983,4.571530990205019e-06
309.108,-3.476591223527947e-05,-1.0003576184142469,1.5007471339559775,-2.0703940664438396,-1.570805573819376,4.84034402958855e-06
309.118,-3.481153245310509e-05,-1.00043216389815,1.5008996092401174,-2.0704706897320233,-1.5708049115072473,4.5728045598991685e-06
309.128,-3.476754924847114e-05,-1.0005180685110309,1.501068036348439,-2.070555163361153,-1.5708055733727289,4.841640089736643e-06
309.138,-3.481351136880306e-05,-1.0006067523318547,1.5012487873157259,-2.070645981382127,-1.5708049112686258,4.574340235485863e-06
309.148,-3.4769516654264976e-05,-1.0007067186198373,1.5014453391573106,-2.070744573972038,-1.5708055728689958,4.8431780843571914e-06
309.158,-3.481584833586737e-05,-1.0008093909122182,1.5016540658817785,-2.0708494361577547,-1.570804911011833,4.576135624212441e-06
309.168,-3.477181358935155e-05,-1.0009232687401528,1.5018784423771798,-2.070961997064345,-1.5708055723088936,4.844955883598345e-06
309.178,-3.481854221565328e-05,-1.0010397796372599,1.5021148449319295,-2.0710807528462047,-1.5708049107371842,4.578188386616944e-06
309.188,-3.4774439544804636e-05,-1.0011674188714206,1.5023667460025072,-2.0712071314255858,-1.5708055716931622,4.846971412675316e-06
309.198,-3.482159220258296e-05,-1.0012976185049467,1.502630524459704,-2.0713396302344473,-1.5708049104450055,4.58049624185719e-06
309.208,-3.477739435808758e-05,-1.001438869013034,1.502909650027635,-2.071479675842953,-1.5708055710225493,4.8492226563112695e-06
309.218,-3.482499781082282e-05,-1.0015826075132048,1.503200504458503,-2.071625767109127,-1.5708049101356396,4.583056959717169e-06
309.228,-3.4780678197954273e-05,-1.0017373191643457,1.503506554446787,-2.0717793291033106,-1.5708055702978196,4.851707648967363e-06
309.238,-3.482875885385539e-05,-1.0018944466599142,1.5038241849216085,-2.071938862256587,-1.57080490980944,4.585868356166145e-06
309.248,-3.4784291538692e-05,-1.0020624693246638,1.5041568592540786,-2.072105789993222,-1.570805569519747,4.854424475730923e-06
309.258,-3.4832875446255684e-05,-1.0022328359429202,1.5045009658421948,-2.0722786144628684,-1.5708049094667738,4.588928291582306e-06
309.268,-3.478823516545049e-05,-1.0024140194932636,1.504859964443523,-2.0724587572989663,-1.5708055686891225,4.857371275868161e-06
309.278,-3.483734797793403e-05,-1.0025974753600237,1.5052302472133245,-2.072644722513734,-1.5708049091080207,4.592234680522722e-06
309.288,-3.4792510147596545e-05,-1.0027916696693786,1.5056152700090308,-2.07283792980653,-1.5708055678067447,4.86054623216603e-06
309.298,-3.48421771043661e-05,-1.0029880649089973,1.5060114290279616,-2.0730368851946746,-1.5708049087335665,4.595785473071601e-06
309.308,-3.479711783160866e-05,-1.0031951198522087,1.5064221759444205,-2.0732430063016474,-1.5708055668734229,4.863947572708582e-06
309.318,-3.484736374037567e-05,-1.0034043045875742,1.506843911278974,-2.0734548012909166,-1.5708049083438116,4.5995786681629625e-06
309.328,-3.480205982064888e-05,-1.003624070040926,1.5072800822434216,-2.073673685569791,-1.5708055658899767,4.867573566436079e-06
309.338,-3.485290904325922e-05,-1.0038458943934632,1.5077270939591383,-2.0738981695874474,-1.5708049079391664,4.6036122922643585e-06
309.348,-3.4807337972786456e-05,-1.0040782202346683,1.5081883888996792,-2.074129666396187,-1.5708055648572365,4.871422530250413e-06
309.358,-3.48588143976869e-05,-1.0043125343243389,1.5086603770611466,-2.074366688869008,-1.570804907520043,4.607884425134046e-06
309.368,-3.481295437346432e-05,-1.0045572704325483,1.5091464959067604,-2.0746106475658412,-1.570805563776041,4.875492810363369e-06
309.378,-3.4865081405932585e-05,-1.004803924377854,1.5096431605776122,-2.0748600579201235,-1.5708049070868686,4.612393171399276e-06
309.388,-3.481891133727544e-05,-1.0050609206336547,1.5101538032581594,-2.0751163278635283,-1.5708055626472284,4.87978279650747e-06
309.398,-3.487171188165661e-05,-1.005319764551636,1.5106748445010725,-2.0753779755251016,-1.5708049066400793,4.617136675655331e-06
309.408,-3.4825211386646515e-05,-1.0055888708370515,1.511209710947302,-2.075646406073821,-1.570805561471655,4.884290910389666e-06
309.418,-3.487870783125402e-05,-1.0058597548432908,1.511754828823996,-2.075920140468042,-1.570804906180113,4.622113113583737e-06
309.428,-3.483185724562077e-05,-1.0061408210417822,1.5123136189675463,-2.076200580981093,-1.570805560250176,4.889015610132219e-06
309.438,-3.488607144586098e-05,-1.0064235952504068,1.5128825135387869,-2.0764862515328644,-1.5708049057074112,4.627320689287728e-06
309.448,-3.483885181587709e-05,-1.0067164712468715,1.5134649273121994,-2.076778551369531,-1.570805558983662,4.893955378726389e-06
309.458,-3.4893805085367546e-05,-1.007010985770554,1.5140572986377894,-2.0770760075032926,-1.5708049052224275,4.632757640621321e-06
309.468,-3.484619818117096e-05,-1.00731552145133,1.5146630359745057,-2.077380016023143,-1.570805557672971,4.899108732026036e-06
309.478,-3.4901911272200437e-05,-1.0076216264012892,1.515278584113295,-2.0776891071628945,-1.5708049047256178,4.6384222267548125e-06
309.488,-3.485389958335361e-05,-1.0079376716541526,1.5159073449476672,-2.0780046737257822,-1.5708055563189776,4.904474213418553e-06
309.498,-3.491039268155305e-05,-1.0082552171401546,1.5165457699575446,-2.078325249295063,-1.5708049042174395,4.644312741497458e-06
309.508,-3.486195940816117e-05,-1.0085826218543221,1.5171972542248389,-2.078652223261137,-1.5708055549225621,4.910050392936682e-06
309.518,-3.491925212451008e-05,-1.0089114579846858,1.5178582561627358,-2.0789841326830545,-1.5708049036983533,4.650427496422083e-06
309.528,-3.487038119320829e-05,-1.009250072050811,1.518532163799132,-2.079322363412755,-1.5708055534845986,4.915835855712203e-06
309.538,-3.492849254183028e-05,-1.0095900489324074,1.5192154427210234,-2.0796654561099737,-1.5708049031688303,4.6567648261941486e-06
309.548,-3.487916859157281e-05,-1.0099397222425865,1.5199114736636306,-2.0800147929640516,-1.5708055520059654,4.921829223292207e-06
309.558,-3.493811699062377e-05,-1.0102906899808397,1.520616729624531,-2.080368918358802,-1.5708049026293311,4.663323086795401e-06
309.568,-3.488832537623665e-05,-1.010651272428605,1.5213345838113792,-2.080729210698314,-1.5708055504875498,4.928029127881928e-06
309.578,-3.494812863724661e-05,-1.0110130811274984,1.5220615168653486,-2.081094218212399,-1.5708049020803267,4.670100658188403e-06
309.588,-3.48978554249868e-05,-1.0113844226078228,1.5228008942353997,-2.0814653153987224,-1.5708055489302266,4.934434217673811e-06
309.598,-3.495853074131361e-05,-1.0117569223698994,1.5235492044355423,-2.0818410544535166,-1.5708049015222896,4.677095936322928e-06
309.608,-3.490776270886897e-05,-1.0121388727791947,1.5243098049286923,-2.08222280584835,-1.5708055473348788,4.9410431657292975e-06
309.618,-3.496932665303376e-05,-1.0125219137055568,1.5250791923271567,-2.082609125864796,-1.5708049009556824,4.684307325142356e-06
309.628,-3.491805127886494e-05,-1.0129143229416726,1.525860715884237,-2.0830013808301735,-1.5708055457023864,4.947854650438899e-06
309.638,-3.498051979455852e-05,-1.013307755131988,1.5266508805322143,-2.083398131228798,-1.5708049003809776,4.6917332614526686e-06
309.648,-3.492872526322799e-05,-1.013710473094213,1.5274530270950004,-2.0838007391270845,-1.5708055440336306,4.954867376838479e-06
309.658,-3.499211366264632e-05,-1.0141141466467152,1.5282636690427323,-2.0842077693279957,-1.5708048997986452,4.699372178507133e-06
309.668,-3.4939788850607556e-05,-1.0145270232357742,1.5290861385539376,-2.0846205795219057,-1.570805542329488,4.962080049963902e-06
309.678,-3.500411180290541e-05,-1.0149407882472656,1.5299169578507152,-2.08503773894479,-1.5708048992091461,4.707222532651656e-06
309.688,-3.49512462776147e-05,-1.0153636733653222,1.530759450254,-2.085460600797384,-1.5708055405908308,4.969491390838243e-06
309.698,-3.501651781334658e-05,-1.0157873799311747,1.5316101469481609,-2.0858877388615142,-1.5708048986129457,4.715282787337571e-06
309.708,-3.496310182793394e-05,-1.0162201234818278,1.5324723621881349,-2.086320501736217,-1.5708055388185311,4.977100128478185e-06
309.718,-3.502933532661956e-05,-1.0166536216959912,1.5333426363270704,-2.0867574678604526,-1.570804898010505,4.723551414897997e-06
309.728,-3.4975359811895146e-05,-1.0170960735842713,1.5342242743492918,-2.0871999811210515,-1.5708055370134542,4.984904994564943e-06
309.738,-3.504256800646033e-05,-1.0175392135392707,1.5351138259794457,-2.0876466247238397,-1.5708048974022812,4.732026893883301e-06
309.748,-3.498802456292083e-05,-1.0179912236716449,1.5360145867304231,-2.088098737734494,-1.5708055351764632,4.992904735878767e-06
309.758,-3.505621953703297e-05,-1.018443855458586,1.536923115897297,-2.0885549082338692,-1.5708048967887258,4.740707718831061e-06
309.768,-3.500110042953253e-05,-1.0189052737429527,1.5378426993244938,-2.089016470359121,-1.5708055333084099,5.001098093870837e-06
309.778,-3.507029361315972e-05,-1.019367247451523,1.5387699060726465,-2.0894820171727173,-1.5708048961702836,4.749592378949785e-06
309.788,-3.501459175403454e-05,-1.0198379237972126,1.5397080121244793,-2.089952877777493,-1.5708055314101514,5.009483821538652e-06
309.798,-3.5084793929662794e-05,-1.0203090895156846,1.5406535964975259,-2.09042765032252,-1.5708048955474014,4.758679371441588e-06
309.808,-3.502850288850112e-05,-1.0207888738334574,1.5416099251233693,-2.0909076587721427,-1.5708055294825272,5.018060662997925e-06
309.818,-3.509972417159446e-05,-1.021269081648695,1.542573587163992,-2.091391506465421,-1.570804894920518,4.767967202390366e-06
309.828,-3.5042838148591215e-05,-1.0217578238507368,1.543547838314173,-2.091880512125613,-1.5708055275263746,5.026827373910692e-06
309.838,-3.511508801690155e-05,-1.022246923848195,1.5445292780641164,-2.0923732843835485,-1.5708048942900588,4.7774543654455215e-06
309.848,-3.5057601841081976e-05,-1.0227444738481208,1.5455211516899245,-2.092871136620443,-1.5708055255425233,5.035782699280844e-06
309.858,-3.513088911244466e-05,-1.0232423161118482,1.5465200691900014,-2.093372682859037,-1.570804893656451,4.787139371131843e-06
309.868,-3.507279823278253e-05,-1.0237485238246966,1.5475292652436794,-2.093879231039184,-1.5708055235317886,5.0449253841122754e-06
309.878,-3.5147131076662674e-05,-1.0242549584373426,1.5485453605337742,-2.0943894006740353,-1.5708048930201093,4.797020718427802e-06
309.888,-3.5088431548757626e-05,-1.0247696737795733,1.5495715789685258,-2.0949044941644073,-1.570805521494992,5.054254169856165e-06
309.898,-3.516381748891462e-05,-1.0252845508223885,1.5506045520875933,-2.0954231366107066,-1.5708048923814397,4.807096904535513e-06
309.908,-3.510450596255765e-05,-1.025807623711884,1.551647492857577,-2.095946624778715,-1.5708055194329287,5.063767796187335e-06
309.918,-3.518095187526882e-05,-1.0263307932647237,1.5526970438436543,-2.0964735894512514,-1.5708048917408473,4.817366429321623e-06
309.928,-3.512102558822505e-05,-1.0268620736207834,1.553756406903986,-2.097005321664733,-1.5708055173463915,5.0734649903461104e-06
309.938,-3.5198537710279254e-05,-1.0273933857621118,1.5548222357941865,-2.0975404579778973,-1.57080489109872,4.827827782882821e-06
309.948,-3.513799447940613e-05,-1.0279327235054516,1.5558977211009433,-2.098080283605149,-1.5708055152361649,5.08334447157921e-06
309.958,-3.52165784027747e-05,-1.0284720283123467,1.556979527931464,-2.0986234409729163,-1.570804890455439,4.8384794508749e-06
309.968,-3.515541660359389e-05,-1.0290192733650947,1.5580708354416757,-2.0991712093826815,-1.570805513103017,5.09340495469246e-06
309.978,-3.523507729497055e-05,-1.0295664209132498,1.5591683202478004,-2.099722237218638,-1.5708048898113773,4.849319912736405e-06
309.988,-3.517329585278617e-05,-1.030121423198948,1.5602751499194527,-2.100277797780121,-1.570805510947709,5.103645142945368e-06
309.998,-3.525403764292889e-05,-1.0306762635626725,1.5613880127355575,-2.1008365454974416,-1.5708048891668973,4.860347644353169e-06
310.008,-3.519163602749842e-05,-1.0312388730062725,1.562510064527591,-2.101399747580317,-1.5708055087709862,5.1140637218338725e-06
310.018,-3.527346262544029e-05,-1.0318012562585028,1.563638005387146,-2.101966064591776,-1.5708048885223471,4.871561098518384e-06
310.028,-3.521044082699376e-05,-1.0323713227863587,1.564774979259453,-2.1025367575661913,-1.5708055065735884,5.124659371524842e-06
310.038,-3.513099846230716e-05,-1.0329430632246959,1.5659185084082505,-2.103110816855311,-1.5708055415069788,5.161622024907331e-06
310.048,-3.509354916353402e-05,-1.0335161431117441,1.56706835869851,-2.1036881519506356,-1.5708048399491874,4.875282583860496e-06
310.058,-3.518350359765776e-05,-1.0340974149433533,1.5682272173671379,-2.1042698288003874,-1.5708053262922093,5.044567582324078e-06
310.068,-3.512185150000846e-05,-1.0346799956943167,1.5693924134212178,-2.104854751964345,-1.5708055278728832,5.171282317917303e-06
310.078,-3.511721864768447e-05,-1.0352637829915563,1.570563648795308,-2.1054428221328645,-1.5708048368231733,4.89152477722854e-06
310.088,-3.521128372430127e-05,-1.0358556204082185,1.571743652616406,-2.1060351138819926,-1.570805322903949,5.061690554697407e-06
310.098,-3.5152002978655617e-05,-1.0364486638563422,1.5729297734455985,-2.1066305413469695,-1.5708055240374517,5.187612296175814e-06
310.108,-3.515028284084565e-05,-1.0370428118234931,1.5741217146829278,-2.1072290059759866,-1.5708048359639095,4.90945188680314e-06
310.118,-3.524231830809299e-05,-1.03764487598126,1.5753221881475685,-2.107831573483003,-1.5708053202707886,5.079668812690841e-06
310.128,-3.5183932105553595e-05,-1.038248044469851,1.57652855868373,-2.108437166336796,-1.5708055204326614,5.20449579433091e-06
310.138,-3.518469142882452e-05,-1.038852215777754,1.5777405308639416,-2.1090456866015317,-1.570804835214525,4.927839987622917e-06
310.148,-3.527452368956574e-05,-1.0394641689816388,1.5789607988814423,-2.109658190948886,-1.570805317655262,5.098060680275296e-06
310.158,-3.521699395125921e-05,-1.0400771250136598,1.5801867441114332,-2.110273610318101,-1.5708055168000055,5.221765531082667e-06
310.168,-3.522021900170813e-05,-1.0406909823387769,1.581418072311208,-2.1108918473980594,-1.5708048344777668,4.946625758783796e-06
310.178,-3.530782724059378e-05,-1.041312486908274,1.582657459797538,-2.1115139496733817,-1.5708053150235353,5.116839075114399e-06
310.188,-3.525116781144533e-05,-1.0419348929866226,1.583902304708161,-2.1121388566855033,-1.5708055131286365,5.239408620738573e-06
310.198,-3.525686063987621e-05,-1.0425580989990217,1.5851523140000356,-2.112766471758546,-1.570804833749344,4.965800709300083e-06
310.208,-3.5342233736912476e-05,-1.0431888172598114,1.5864101458749973,-2.1133978330516867,-1.5708053123755406,5.13599712892443e-06
310.218,-3.528646073025499e-05,-1.0438203358874671,1.5876732154533197,-2.114031888834553,-1.570805509419988,5.2574198194932364e-06
310.228,-3.5294621699932804e-05,-1.0444525532514042,1.588941230906137,-2.114668543076792,-1.5708048330296602,4.9853590509130186e-06
310.238,-3.5377751042453554e-05,-1.0450921475350403,1.5902168320932466,-2.115308824479724,-1.570805309712851,5.1555289228844e-06
310.248,-3.532288033092357e-05,-1.0457324412150812,1.5914974513266342,-2.115951690161516,-1.570805505676054,5.275794161541114e-06
310.258,-3.533350733064822e-05,-1.0463733325890592,1.5927827980056035,-2.116597044747324,-1.5708048323192942,5.005295032667334e-06
310.268,-3.541438635323857e-05,-1.0470214652329337,1.5940754934320607,-2.1172459073541616,-1.5708053070370305,5.175428480441724e-06
310.278,-3.536043341245687e-05,-1.047670196468539,1.5953729873081794,-2.117897244063426,-1.5708055018987785,5.2945265611725745e-06
310.288,-3.537352186189224e-05,-1.0483194245053349,1.5966749902749076,-2.118550960165425,-1.570804831618756,5.025602789032746e-06
310.298,-3.54521459673407e-05,-1.04897575785266,1.5979841048715713,-2.119208065072445,-1.5708053043495616,5.195689722015118e-06
310.308,-3.539912584038518e-05,-1.049632589147098,1.599297798378391,-2.11986753393812,-1.5708054980900252,5.313611800339402e-06
310.318,-3.5414668765554325e-05,-1.0502898164937926,1.6006157826909178,-2.1205292727271883,-1.5708048309284983,5.046276338127598e-06
310.328,-3.549103523337038e-05,-1.0509540128935748,1.6019406413922779,-2.1211942810328535,-1.5708053016518218,5.216306439237428e-06
310.338,-3.5438962506795235e-05,-1.051618606750205,1.6032698595180763,-2.1218615431842793,-1.5708054942515872,5.333044510891227e-06
310.348,-3.5456950591594705e-05,-1.0522834960482095,1.6046031502309077,-2.12253096582956,-1.5708048302488944,5.067309563067113e-06
310.358,-3.5531058512283664e-05,-1.052955217855233,1.6059430779750556,-2.123203538634543,-1.5708052989451096,5.237272300284701e-06
310.368,-3.5479947281480406e-05,-1.0536272367774975,1.6072871457084235,-2.1238782552014883,-1.5708054903851671,5.352819171910994e-06
310.378,-3.55003689485045e-05,-1.0542994506625794,1.6086350678725676,-2.124555022870385,-1.5708048295802453,5.088696210187038e-06
310.388,-3.557221913741415e-05,-1.0549783602373821,1.6099893896011706,-2.125234821277585,-1.5708052962306143,5.258580841882576e-06
310.398,-3.552208298973625e-05,-1.0556574667287986,1.611347631931011,-2.125916653390265,-1.5708054864923913,5.372930099056816e-06
310.408,-3.554492445179136e-05,-1.0563366678311101,1.6127095105940121,-2.1266004272484484,-1.5708048289227845,5.110429874832789e-06
310.418,-3.5614519384274956e-05,-1.0570224275399658,1.6140775512522794,-2.1272871123630224,-1.570805293509439,5.280225455095433e-06
310.428,-3.5565371370616106e-05,-1.0577082841041292,1.6154492931678144,-2.1279757211521217,-1.570805482574805,5.3933714445619785e-06
310.438,-3.559061670355135e-05,-1.0583941350482327,1.6168244533737912,-2.128666162363532,-1.5708048282766613,5.132504006688521e-06
310.448,-3.565796042526159e-05,-1.0590864072631268,1.618205537910442,-2.1293593952928984,-1.5708052907825856,5.302199385326389e-06
310.458,-3.560981302719313e-05,-1.0597786764036925,1.61959010440121,-2.1300544418895773,-1.5708054786338668,5.414137180359546e-06
310.468,-3.56374442453955e-05,-1.0604708398085865,1.6209778711908918,-2.130751211616442,-1.5708048276419584,5.154911888460845e-06
310.478,-3.570254230655934e-05,-1.0611692869071978,1.6223713245581273,-2.1314506534703033,-1.5708052880509644,5.324495719882805e-06
310.488,-3.5655407423895724e-05,-1.0618676311278887,1.6237680406139887,-2.132151799006236,-1.5708054746709594,5.435221103411436e-06
310.498,-3.568540453358082e-05,-1.0625657696070288,1.6251677390247519,-2.132854558409061,-1.570804827018688,5.177646640319722e-06
310.508,-3.574826390639885e-05,-1.0632700539727125,1.6265728861782183,-2.133559870299418,-1.5708052853153882,5.3471073915289935e-06
310.518,-3.5702152819894195e-05,-1.0639741357773003,1.627981076789358,-2.134266775906793,-1.5708054706873886,5.45661681705667e-06
310.528,-3.573449390703587e-05,-1.0646779119386272,1.62939203185526,-2.134975186144388,-1.5708048264067784,5.200701203911251e-06
310.538,-3.579512290663445e-05,-1.0653876959603907,1.6308081977540159,-2.1356860291855546,-1.5708052825765844,5.370027157169943e-06
310.548,-3.57500462699889e-05,-1.0660971778526995,1.6322271879109458,-2.136398355997104,-1.570805466684365,5.4783177345640865e-06
310.558,-3.578470755360996e-05,-1.0668062542986545,1.6336487246627653,-2.137112078226576,-1.5708048258060927,5.224068342357668e-06
310.568,-3.584311577053967e-05,-1.067521200371148,1.635075234269248,-2.1378281135351913,-1.5708052798351781,5.393247604068563e-06
310.578,-3.579908357576045e-05,-1.068235744855041,1.6365043489628048,-2.1385455226841974,-1.5708054626630386,5.500317066697846e-06
310.588,-3.583603948786873e-05,-1.068949784182595,1.637935792428081,-2.1392642180609767,-1.5708048252164186,5.24774062782285e-06
310.598,-3.589223770461558e-05,-1.0696695547060837,1.63937197070807,-2.139985106756012,-1.5708052770917105,5.416761138299364e-06
310.608,-3.584925926958249e-05,-1.070388824285464,1.640810534929419,-2.140707259376333,-1.57080545862447,5.522607821717429e-06
310.618,-3.588848251911969e-05,-1.0711074890861274,1.6422512101324847,-2.141430589054179,-1.5708048246374728,5.271710439735955e-06
310.628,-3.5942482639939044e-05,-1.0718317464664844,1.6436963820550696,-2.142155992256946,-1.5708052743466396,5.440559974978498e-06
310.638,-3.590056657643004e-05,-1.0725554036452782,1.6451437207957076,-2.1428825494830286,-1.5708054545696486,5.545182792054959e-06
310.648,-3.594202822299053e-05,-1.0732783565051294,1.6465929527577288,-2.143610174614046,-1.570804824068901,5.2959699532451054e-06
310.658,-3.5993843197523745e-05,-1.0740067631538144,1.6480464432952688,-2.144339753448207,-1.5708052716003298,5.464636135599221e-06
310.668,-3.595299740322133e-05,-1.0747344704359765,1.6495018815470255,-2.145070376415102,-1.5708054504994964,5.568034553427026e-06
310.678,-3.59966669254419e-05,-1.0754613739356669,1.650958995286036,-2.1458019581497534,-1.5708048235102812,5.320511139217388e-06
310.688,-3.6046310676773885e-05,-1.0761935922697192,1.652420129414132,-2.146535373741322,-1.570805268853066,5.488981448920072e-06
310.698,-3.600654230773159e-05,-1.0769250121592149,1.6538829921691658,-2.1472697235847,-1.5708054464148535,5.591155460393793e-06
310.708,-3.605238766457575e-05,-1.0776555288739906,1.6553473127001075,-2.148004923071824,-1.5708048229611284,5.34532574203439e-06
310.718,-3.609987501906886e-05,-1.0783912213160123,1.656815415397558,-2.1487418365491764,-1.5708052661050562,5.513587525207697e-06
310.728,-3.606119047638856e-05,-1.0791260163168184,1.6582850276483638,-2.1494795744053428,-1.5708054423164999,5.614537637477213e-06
310.738,-3.610917818708259e-05,-1.0798598088165272,1.6597558799831207,-2.1502180527921726,-1.5708048224208815,5.370405302684844e-06
310.748,-3.615452480154602e-05,-1.0805986377946766,1.6612302762318913,-2.150958125286041,-1.570805263356431,5.538445775776779e-06
310.758,-3.611692970384439e-05,-1.0813364704107682,1.6627059629712981,-2.1516989122919497,-1.5708054382051522,5.638172970279243e-06
310.768,-3.616702491093804e-05,-1.0820732012598764,1.6641826721187343,-2.1524403307241253,-1.570804821888938,5.395741117908415e-06
310.778,-3.621024719713262e-05,-1.082814829207855,1.6656626869039162,-2.153183223367608,-1.5708052606072451,5.5635473801274316e-06
310.788,-3.6173746373435733e-05,-1.0835553619432055,1.6671437731250895,-2.153926720660872,-1.570805434081465,5.662053108146381e-06
310.798,-3.62259129040865e-05,-1.0842946937007942,1.6686256640910813,-2.1546707402824743,-1.5708048213646162,5.421324257071092e-06
310.808,-3.626702797276948e-05,-1.0850387830578476,1.6701106224008644,-2.155416114211023,-1.5708052578574927,5.588883307261483e-06
310.818,-3.6231625440308335e-05,-1.0857816784164152,1.6715964330973057,-2.1561619829299388,-1.5708054299460352,5.6861694570642385e-06
310.828,-3.628582587911211e-05,-1.0865232736361994,1.6730828308847805,-2.156908264883491,-1.570804820847191,5.44714555061887e-06
310.838,-3.632485146276565e-05,-1.0872694868471047,1.674572057710411,-2.1576557812349235,-1.5708052551070972,5.614444283708053e-06
310.848,-3.629055041365348e-05,-1.088014407332827,1.6760619178759573,-2.158403682518466,-1.5708054257994046,5.710513169887577e-06
310.858,-3.63467461621525e-05,-1.088757928563149,1.677552147484925,-2.1591518879449825,-1.57080482033588,5.473195576755074e-06
310.868,-3.638370055281115e-05,-1.0895059280782131,1.6790449678206736,-2.159901207859455,-1.5708052523559335,5.64022080684623e-06
310.878,-3.6350503338944407e-05,-1.090252536195006,1.6805382024495037,-2.160650802847304,-1.570805421642075,5.735075146340307e-06
310.888,-3.640865468135246e-05,-1.0909976459788344,1.6820315888770896,-2.1614005928862903,-1.5708048198298492,5.499464666769427e-06
310.898,-3.644355666843069e-05,-1.0917470942539047,1.6835273277202178,-2.1621513775063224,-1.570805249603807,5.66620313868782e-06
310.908,-3.6411464780172764e-05,-1.0924950525056427,1.685023261806843,-2.1629023273388674,-1.5708054174744959,5.7598460232455295e-06
310.918,-3.647153094998856e-05,-1.093241413380582,1.6865191300473281,-2.1636533631283563,-1.5708048193282274,5.5259428926035525e-06
310.928,-3.650439975544373e-05,-1.093991972877032,1.6880171123980485,-2.164405273598796,-1.5708052468504894,5.692381281008352e-06
310.938,-3.647341381363134e-05,-1.0947409437675544,1.6895150709373254,-2.165157239417152,-1.5708054132970855,5.784816178078245e-06
310.948,-3.653535304604105e-05,-1.0954882182658225,1.6910127459821664,-2.165909182093729,-1.5708048188300952,5.552620062410085e-06
310.958,-3.656620826131274e-05,-1.0962395514505718,1.6925122968436161,-2.1666618795617647,-1.5708052440957019,5.718744997551539e-06
310.968,-3.65363280101505e-05,-1.0969891974836654,1.6940116048307372,-2.1674145225077717,-1.5708054091102266,5.8099757165308574e-06
310.978,-3.660009760686478e-05,-1.0977370481321012,1.6955104116686082,-2.1681670332065983,-1.570804818334496,5.579485711670884e-06
310.988,-3.662895914224862e-05,-1.0984888174776113,1.69701085604681,-2.168920178821732,-1.5708052413391353,5.745283787383926e-06
310.998,-3.658031444775389e-05,-1.0992387622594852,1.6985107722658332,-2.1696731469615096,-1.570805262654856,5.765583480865644e-06
311.008,-3.658427733732594e-05,-1.0999867270429424,1.700010042134422,-2.1704258780160743,-1.570804787530311,5.598728511024831e-06
311.018,-3.6588363941270075e-05,-1.1007387749009776,1.7015108311662974,-2.1711791682613133,-1.5708054159247133,5.863631092672961e-06
311.028,-3.668401017353773e-05,-1.101488704247245,1.7030106816752433,-2.171932119734088,-1.5708052274393927,5.776441269311761e-06
311.038,-3.665812027797699e-05,-1.102238582011865,1.7045104501786241,-2.172685013585291,-1.5708052563988861,5.800010209000561e-06
311.048,-3.667158263898074e-05,-1.102986343679479,1.7060092798148405,-2.173437523393974,-1.5708047864441301,5.6346452561584215e-06
311.058,-3.6675231213756376e-05,-1.103737996282147,1.7075093085985227,-2.174190431491285,-1.5708054098010864,5.897418139610977e-06
311.068,-3.6770529804996954e-05,-1.1044874004724237,1.7090081097510978,-2.1749428558236654,-1.5708052237716252,5.812347871447798e-06
311.078,-3.6745379655478416e-05,-1.1052366029420326,1.710506528027011,-2.175695071449286,-1.5708052521494018,5.835817012744826e-06
311.088,-3.6762738608864254e-05,-1.1059835604819603,1.712003717044297,-2.1764467573983617,-1.5708047861263719,5.671289467379381e-06
311.098,-3.676446767197916e-05,-1.106734217623339,1.7135017855449703,-2.177198680923191,-1.570805403949846,5.931650014723289e-06
311.108,-3.685887237470098e-05,-1.1074824966372547,1.7149983373353042,-2.1779499756957486,-1.5708052202136589,5.848563144006391e-06
311.118,-3.683425717504463e-05,-1.1082304238129133,1.7164942053803838,-2.17870091068426,-1.5708052479431647,5.871884631858393e-06
311.128,-3.685535601238854e-05,-1.1089759772342516,1.717988553731015,-2.1794511703326918,-1.5708047858222196,5.7081878859222e-06
311.138,-3.685518853391301e-05,-1.109725038915922,1.7194834619868846,-2.1802015069085923,-1.570805398090119,5.966122890832537e-06
311.148,-3.694865521097768e-05,-1.110471592750114,1.7209765644106696,-2.180951069710471,-1.5708052166512054,5.884990200044626e-06
311.158,-3.6924556439998923e-05,-1.1112176446341377,1.722468682221276,-2.181700121654193,-1.5708052437347408,5.908157584499918e-06
311.168,-3.6949308736211606e-05,-1.1119611939283434,1.7239589898496241,-2.182448352558523,-1.5708047855105791,5.745300698301037e-06
311.178,-3.6947296764289206e-05,-1.1127080601683124,1.7254495379071084,-2.1831964998158164,-1.5708053922158287,6.000804604333609e-06
311.188,-3.7039793115312136e-05,-1.1134522888195881,1.7269379909596552,-2.183943728237167,-1.570805213080356,5.921598374314385e-06
311.198,-3.701619548213131e-05,-1.1141958654145145,1.7284251585325237,-2.1846902947299482,-1.5708052395224366,5.944606102481487e-06
311.208,-3.7044514107797966e-05,-1.1149368105578057,1.7299102253764929,-2.1854358944439176,-1.570804785188268,5.782597868986272e-06
311.218,-3.70407094836267e-05,-1.1156808813888641,1.7313952132895931,-2.1861812500190267,-1.5708053863278497,6.035666391568384e-06
311.228,-3.713220361234448e-05,-1.1164221848543245,1.7328778169659724,-2.1869255416509206,-1.5708052095000635,5.958357808033554e-06
311.238,-3.710909046361621e-05,-1.117162686162956,1.7343588342982486,-2.187669020288109,-1.5708052353057305,5.981200214222326e-06
311.248,-3.71408859125566e-05,-1.1179004271162485,1.735837460289428,-2.1884113863627452,-1.5708047848526023,5.820048671445477e-06
311.258,-3.713533933424884e-05,-1.1186411025860277,1.7373156881196241,-2.189153347898101,-1.570805380427327,6.070678655767381e-06
311.268,-3.7225799487394795e-05,-1.1193788808630687,1.7387912424146634,-2.1898941003325407,-1.570805205909445,5.995237775557882e-06
311.278,-3.7203152673193074e-05,-1.1201157068884624,1.7402649095039067,-2.190633888710994,-1.570805231084222,6.0179090324297135e-06
311.288,-3.72383331486148e-05,-1.1208496435972284,1.7417358945676256,-2.1913724186947463,-1.57080478450096,5.857621403926316e-06
311.298,-3.723109399711433e-05,-1.1215863237683095,1.743206162383803,-2.192110383838679,-1.5708053745155581,6.105810848033855e-06
311.308,-3.732048859106385e-05,-1.1223199768546335,1.744673467292074,-2.1928469946686264,-1.570805202307728,6.032206627537562e-06
311.318,-3.729828843912486e-05,-1.1230525276000873,1.7461385841362365,-2.193582490386716,-1.5708052268576198,6.054700738999941e-06
311.328,-3.733676000194919e-05,-1.1237820599941901,1.7476007281916495,-2.194316581825556,-1.570804784130802,5.8952833681402694e-06
311.338,-3.732787617583e-05,-1.124514144944232,1.7490618360700285,-2.195049948232207,-1.5708053685939953,6.141031462014723e-06
311.348,-3.741617382413409e-05,-1.1252430728378469,1.750519691585838,-2.195781815051603,-1.5708051986942992,6.069231771377304e-06
311.358,-3.7394399134527134e-05,-1.1259707483068933,1.7519750581832714,-2.1965124157092286,-1.5708052226257898,6.091542588571031e-06
311.368,-3.743606584905024e-05,-1.1266952763004097,1.753427161143426,-2.1972414661467767,-1.570804783739697,5.933000859492665e-06
311.378,-3.74265494267334e-05,-1.1274202055223659,1.7548771738794446,-2.1979693809431207,-1.5708047664458658,5.937249812681955e-06
311.388,-3.744599307964336e-05,-1.128143841908109,1.7563244449110158,-2.198695914276135,-1.570804765458126,5.9461487342815644e-06
311.398,-3.7469488720631716e-05,-1.1288660523079617,1.7577688655215855,-2.199421016684053,-1.5708047649289076,5.95531612912481e-06
311.408,-3.7494105518121046e-05,-1.1295868004018172,1.7592103611531478,-2.2001446506508846,-1.5708047646963736,5.964653264634023e-06
311.418,-3.751911775928818e-05,-1.1303060485162015,1.7606488567482632,-2.200866778499291,-1.5708047645758265,5.974057973645586e-06
311.428,-3.754430376634588e-05,-1.1310237591304746,1.7620842773005485,-2.2015873625744615,-1.5708047644993899,5.9834890127064e-06
311.438,-3.756958133038779e-05,-1.131739894739695,1.763516547808461,-2.202306365224995,-1.5708047644398873,5.9929293634297665e-06
311.448,-3.7594916857841554e-05,-1.1324544178423055,1.7649455932714346,-2.2030237488004887,-1.5708047643862466,6.002371751634428e-06
311.458,-3.762029558807001e-05,-1.1331672909376589,1.7663713386891349,-2.2037394756509108,-1.5708047643339151,6.011812849315845e-06
311.468,-3.764571035524966e-05,-1.133878476525412,1.7677937090613014,-2.2044535081263734,-1.5708047642809948,6.021250942289669e-06
311.478,-3.7671157097740604e-05,-1.1345879371053458,1.769212629387706,-2.2051658085770742,-1.5708047642266951,6.030684972735401e-06
311.488,-3.7696633022221704e-05,-1.1352956351772832,1.770628024668131,-2.2058763393532455,-1.5708047641706608,6.04011415994421e-06
311.498,-3.772213585140349e-05,-1.1360015332410647,1.7720398199023766,-2.2065850628051584,-1.5708047641127418,6.049537825347784e-06
311.508,-3.774766350517211e-05,-1.1367055937965407,1.7734479400902465,-2.207291941283113,-1.5708047640528529,6.058955333010374e-06
311.518,-3.777321397890887e-05,-1.1374077793435615,1.7748523102315428,-2.2079969371374246,-1.5708047639909477,6.068366066536157e-06
311.528,-3.779878528575864e-05,-1.1381080523819758,1.776252855326078,-2.2087000127184413,-1.5708047639269909,6.077769410417488e-06
311.538,-3.7824375439754476e-05,-1.1388063754116329,1.7776495003736699,-2.20940113037653,-1.5708047638609575,6.08716475092308e-06
311.548,-3.784998243894222e-05,-1.1395027109323779,1.7790421703741437,-2.2101002524620825,-1.570804763792819,6.096551468104394e-06
311.558,-3.78756042653805e-05,-1.1401970214440558,1.7804307903273244,-2.2107973413255153,-1.570804763722557,6.105928942901073e-06
311.568,-3.790123889224617e-05,-1.1408892694465107,1.7818152852330371,-2.2114923593172677,-1.5708047636501492,6.1152965500355094e-06
311.578,-3.789251091124157e-05,-1.1415812462189725,1.7831962080700556,-2.212185488287138,-1.5708052077679344,6.303459002765521e-06
311.588,-3.7923048193277964e-05,-1.1422692451459502,1.7845722229387437,-2.2128762493550442,-1.5708052015213596,6.308107871610957e-06
311.598,-3.796353640339589e-05,-1.1429550667790058,1.7859438877956393,-2.2135648261114773,-1.570805191147322,6.308279060007749e-06
311.608,-3.8028805510847974e-05,-1.143638689803949,1.7873111325890765,-2.214251181053785,-1.5708051654106416,6.304411085622519e-06
311.618,-3.797836561858503e-05,-1.144320084475862,1.7886739388646475,-2.2149352890287193,-1.5708053376603957,6.395023769201202e-06
311.628,-3.803100060739695e-05,-1.1449972901729166,1.7900314098727605,-2.2156168640709573,-1.5708047510080476,6.1666688084827115e-06
311.638,-3.803619447406703e-05,-1.1456759006781672,1.7913855622422084,-2.21629655092403,-1.5708051994842194,6.356778703420218e-06
311.648,-3.8070917237398305e-05,-1.1463502883876255,1.7927343523062191,-2.2169736445612434,-1.570805194366569,6.3619498602562885e-06
311.658,-3.8112774499055035e-05,-1.1470222731968105,1.7940783421442603,-2.217648327904015,-1.5708051846570763,6.362420061911678e-06
311.668,-3.817813996676023e-05,-1.1476918340928506,1.795417461811077,-2.2183205635259795,-1.5708051599826076,6.358842483678018e-06
311.678,-3.8130146760906314e-05,-1.1483589415215627,1.7967516915863406,-2.2189903256230212,-1.5708053284387757,6.446672022875077e-06
311.688,-3.8185199585427654e-05,-1.1490216663647252,1.7980801520608694,-2.219657336520776,-1.5708047506970022,6.22219767443255e-06
311.698,-3.8185728692852194e-05,-1.1496855062681763,1.7994048152916111,-2.220322219504562,-1.570805192751096,6.410420655633686e-06
311.708,-3.823281681381019e-05,-1.150344923285221,1.8007236776566309,-2.220984288594322,-1.570805178063023,6.406394976288254e-06
311.718,-3.8219923840010495e-05,-1.151001761249441,1.8020373604732995,-2.221643732030689,-1.5708053247786395,6.4825038874616325e-06
311.728,-3.82505713520942e-05,-1.1516558870272309,1.8033455926726418,-2.222300490092168,-1.5708051899092643,6.437943630643872e-06
311.738,-3.829031252511328e-05,-1.152307321615816,1.8046484809561392,-2.222954540454015,-1.570805183153376,6.441319838401682e-06
311.748,-3.8370157288802886e-05,-1.1529560252809625,1.8059458981765442,-2.223605840418957,-1.5708051502156417,6.429165313015517e-06
311.758,-3.8349136262993966e-05,-1.1536001442103865,1.807237150146772,-2.2242541518379766,-1.5708047423197478,6.282926234391084e-06
311.768,-3.835557033671222e-05,-1.1542450791538916,1.808524008549373,-2.2249000546832973,-1.5708051838351773,6.471484091719049e-06
311.778,-3.840563531998242e-05,-1.15488533526549,1.809804546172522,-2.22554288414567,-1.5708051704050385,6.468001165771398e-06
311.788,-3.841680761951238e-05,-1.1555209047768942,1.8110786999627457,-2.226182609931945,-1.5708047372700014,6.308029795398795e-06
311.798,-3.842734344949861e-05,-1.1561571818311245,1.812348233616003,-2.2268198144971287,-1.5708051798657197,6.497214392275907e-06
311.808,-3.851367418405971e-05,-1.1567886691202218,1.8136112238416509,-2.2274538317729964,-1.570805143116595,6.481061164187452e-06
311.818,-3.846609782431898e-05,-1.1574171725849005,1.8148682193195285,-2.2280848457567646,-1.5708051796597253,6.516624666552673e-06
311.828,-3.8509317717760894e-05,-1.158042618133021,1.8161191314965706,-2.2287128035392914,-1.570805172367936,6.5191154439148136e-06
311.838,-3.853568309164501e-05,-1.1586631944962338,1.8173632896375551,-2.229337471261785,-1.5708047332816317,6.351024343764777e-06
311.848,-3.854775732836657e-05,-1.1592842700885917,1.8186024413734856,-2.229959423286673,-1.5708051736493918,6.539773052871567e-06
311.858,-3.858052306071613e-05,-1.1598985821764687,1.8198340741213919,-2.2305778036233366,-1.5708047306187352,6.367519478800432e-06
311.868,-3.85947535157527e-05,-1.1605133179081493,1.8210605491963783,-2.231193391482884,-1.5708051709269721,6.55644436875491e-06
311.878,-3.860087123008782e-05,-1.1611230315530638,1.822279969413211,-2.2318055386802285,-1.5708051718572111,6.567357581310773e-06
311.888,-3.8649620710096144e-05,-1.1617294617123404,1.823492855032491,-2.2324144069608027,-1.5708051641301317,6.569072906081885e-06
311.898,-3.8651289757218876e-05,-1.162332616098707,1.8246991516137783,-2.233019965890658,-1.5708051697416305,6.584163395828568e-06
311.908,-3.8665268094817407e-05,-1.1629324232224734,1.8258987687519337,-2.233622172162756,-1.5708051668260836,6.591506884312537e-06
311.918,-3.868442971199926e-05,-1.1635288537193984,1.8270916350953357,-2.2342209896426373,-1.5708051643669112,6.598982366767814e-06
311.928,-3.8706250527376085e-05,-1.1641218714399366,1.8282776762614255,-2.2348163808761083,-1.570805162608055,6.606851708390593e-06
311.938,-3.872925729364596e-05,-1.1647114391104967,1.8294568173578192,-2.2354083082328047,-1.5708051612264393,6.614920280867409e-06
311.948,-3.8752744711878506e-05,-1.165297519274153,1.830628983406685,-2.2359967340620286,-1.5708051600189945,6.623060538224479e-06
311.958,-3.877639720784032e-05,-1.1658800744411895,1.8317940994139121,-2.23658162071273,-1.5708051588892058,6.631211204144449e-06
311.968,-3.880007627543591e-05,-1.16645906711481,1.832952090381518,-2.2371629305349887,-1.5708051577944353,6.639344757530807e-06
311.978,-3.88237207920028e-05,-1.1670344597962445,1.834102881310324,-2.23774062587956,-1.5708051567163022,6.6474488766843365e-06
311.988,-3.8847302977096376e-05,-1.1676062149860316,1.8352463972007236,-2.2383146690975244,-1.5708051556469833,6.655517848841441e-06
311.998,-3.8870809364155434e-05,-1.168174295184439,1.8363825630529327,-2.2388850225401193,-1.5708051545831925,6.663548802521291e-06
312.008,-3.8894232607944446e-05,-1.1687386628916225,1.8375113038670925,-2.239451648558656,-1.5708051535235894,6.671540089264738e-06
312.018,-3.891756799401236e-05,-1.1692992806076867,1.8386325446433176,-2.240014509504481,-1.5708051524676687,6.679490572203406e-06
312.028,-3.894081191635479e-05,-1.1698561108327146,1.839746210381712,-2.240573567728974,-1.5708051514152848,6.687399343618949e-06
312.038,-3.8963961251248236e-05,-1.170409116066782,1.8408522260823723,-2.241128785583532,-1.5708051503664482,6.695265586387222e-06
312.048,-3.8987013065927556e-05,-1.1709582588099516,1.8419505167454027,-2.241680125419563,-1.5708051493212327,6.703088523352108e-06
312.058,-3.9009964513780915e-05,-1.1715035015622914,1.8430410073708998,-2.242227549588493,-1.5708051482797512,6.710867388903807e-06
312.068,-3.903281277306547e-05,-1.1720448068238605,1.8441236229589624,-2.242771020441762,-1.5708051472421225,6.7186014307552e-06
312.078,-3.905555502647928e-05,-1.1725821370947178,1.8451982885097031,-2.2433105003308245,-1.5708051462084764,6.726289890401915e-06
312.088,-3.9078188458496754e-05,-1.1731154548749216,1.8462649290232154,-2.243845951607145,-1.570805145178948,6.733932015556832e-06
312.098,-3.910071024737505e-05,-1.1736447226645275,1.8473234694996137,-2.244377336622198,-1.570805144153673,6.7415270468274e-06
312.108,-3.912311756071318e-05,-1.174169902963589,1.8483738349390073,-2.2449046177274794,-1.5708051431327892,6.749074225709251e-06
312.118,-3.914540755545204e-05,-1.1746909582721565,1.8494159503414984,-2.245427757274483,-1.5708051421164395,6.756572792809834e-06
312.128,-3.9167577392973385e-05,-1.1752078510902837,1.8504497407072087,-2.2459467176147263,-1.5708051411047705,6.76402198962478e-06
312.138,-3.9189624211566354e-05,-1.1757205439180136,1.8514751310362456,-2.2464614610997304,-1.5708051400979226,6.771421050544291e-06
312.148,-3.921154515218461e-05,-1.1762289992553983,1.8524920463287273,-2.2469719500810332,-1.5708051390960502,6.778769207294033e-06
312.158,-3.9233337340682795e-05,-1.176733179602479,1.8535004115847649,-2.2474781469101717,-1.570805138099293,6.7860656987051016e-06
312.168,-3.925499790469189e-05,-1.1772330474592996,1.8545001518044781,-2.247980013938703,-1.570805137107813,6.793309755614985e-06
312.178,-3.927652395674386e-05,-1.1777285653259015,1.8554911919879906,-2.248477513518193,-1.570805136121761,6.800500607972992e-06
312.188,-3.929791260670612e-05,-1.1782196957023243,1.8564734571354133,-2.248970608000207,-1.5708051351412893,6.807637486616613e-06
312.198,-3.931916095734067e-05,-1.1787064010886075,1.8574468722468715,-2.249459259736328,-1.5708051341665588,6.814719619718801e-06
312.208,-3.934026610874497e-05,-1.179188643984787,1.8584113623224887,-2.2499434310781417,-1.570805133197724,6.82174623456433e-06
312.218,-3.9361225152134693e-05,-1.179666386890897,1.8593668523623847,-2.2504230843772492,-1.5708051322349528,6.828716554885261e-06
312.228,-3.938203517250827e-05,-1.1801395923069709,1.8603132673666831,-2.2508981819852516,-1.5708051312784042,6.835629811519084e-06
312.238,-3.9402693251311405e-05,-1.180608222733041,1.8612505323355109,-2.251368686253756,-1.5708051303282407,6.842485223756967e-06
312.248,-3.942319646821346e-05,-1.1810722406691363,1.8621785722689879,-2.25183455953438,-1.570805129384631,6.849282017995506e-06
312.258,-3.9443541897554724e-05,-1.1815316086152874,1.863097312167243,-2.252295764178744,-1.570805128447745,6.856019415302228e-06
312.268,-3.946372660745823e-05,-1.1819862890715205,1.8640066770303996,-2.2527522625384777,-1.5708051275177493,6.862696638521015e-06
312.278,-3.948374766427065e-05,-1.182436244537861,1.8649065918585883,-2.253204016965212,-1.5708051265948164,6.869312902502145e-06
312.288,-3.950360213167414e-05,-1.1828814375143322,1.865796981651929,-2.25365098981058,-1.5708051256791178,6.8758674363067485e-06
312.298,-3.952328707157449e-05,-1.1833218305009605,1.8666777714105542,-2.2540931434262297,-1.5708051247708266,6.88235945656146e-06
312.308,-3.954279954232476e-05,-1.183757385997765,1.867548886134589,-2.254530440163801,-1.5708051238701204,6.888788182557448e-06
312.318,-3.9562136599613495e-05,-1.1841880665047675,1.8684102508241587,-2.2549628423749426,-1.5708051229771751,6.895152831809526e-06
312.328,-3.9581295300017416e-05,-1.184613834521986,1.869261790479392,-2.2553903124112984,-1.5708051220921675,6.901452625385218e-06
312.338,-3.960027270011324e-05,-1.1850346525494364,1.8701034301004125,-2.255812812624528,-1.570805121215284,6.90768677991116e-06
312.348,-3.9619065850260426e-05,-1.1854504830871393,1.8709350946873506,-2.2562303053662833,-1.570805120346698,6.913854514678519e-06
312.358,-3.9637671805259345e-05,-1.1858612886351068,1.87175670924033,-2.256642752988213,-1.5708051194865922,6.919955048090287e-06
312.368,-3.965608762079853e-05,-1.1862670316933543,1.872568198759474,-2.257050117841977,-1.5708051186351506,6.9259875985494546e-06
312.378,-3.967431034634927e-05,-1.1866676747618958,1.873369488244908,-2.2574523622792255,-1.5708051177925633,6.931951386235369e-06
312.388,-3.969233704470554e-05,-1.1870631803407423,1.8741605026967605,-2.257849448651618,-1.5708051169590034,6.937845621557415e-06
312.398,-3.9710164767114975e-05,-1.187453510929905,1.8749411671151535,-2.258241339310801,-1.5708051161346672,6.943669532688546e-06
312.408,-3.972779057370701e-05,-1.1878386290293947,1.875711406500205,-2.2586279966084324,-1.5708051153197342,6.9494223344790385e-06
312.418,-3.9745211527275615e-05,-1.1882184971392193,1.876471145852042,-2.259009382896155,-1.5708051145144006,6.955103247108241e-06
312.428,-3.9762424688838394e-05,-1.188593077759389,1.8772203101707863,-2.2593854605256163,-1.570805113718846,6.960711488090965e-06
312.438,-3.977942712829474e-05,-1.1889623333899084,1.8779588244565524,-2.259756191848464,-1.5708051129332672,6.966246282935629e-06
312.448,-3.979621591643223e-05,-1.1893262265307871,1.8786866137094567,-2.2601215392163314,-1.5708051121578492,6.971706844716152e-06
312.458,-3.981278812581479e-05,-1.18968471968203,1.8794036029296208,-2.2604814649808547,-1.5708051113927866,6.977092404270024e-06
312.468,-3.982914083966449e-05,-1.1900377753436417,1.8801097171171648,-2.260835931493666,-1.5708051106382666,6.982402180000236e-06
312.478,-3.984527113853886e-05,-1.1903853560156283,1.8808048812721907,-2.261184901106382,-1.5708051098944793,6.987635395638847e-06
312.488,-3.986117611631812e-05,-1.190727424197992,1.8814890203948202,-2.261528336170629,-1.5708051091616202,6.9927912740297415e-06
312.498,-3.9876852865994294e-05,-1.1910639423907374,1.8821620594851574,-2.26186619903801,-1.570805108439881,6.997869045122229e-06
312.508,-3.989229849121756e-05,-1.1913948730938662,1.882823923543313,-2.2621984520601335,-1.570805107729453,7.002867931760193e-06
312.518,-3.9907510103631694e-05,-1.191720178807383,1.8834745375693949,-2.2625250575885922,-1.5708051070305267,7.007787163892942e-06
312.528,-3.992248481488048e-05,-1.1920398220312884,1.8841138265635067,-2.262845977974974,-1.5708051063432986,7.01262597058161e-06
312.538,-3.993721975703579e-05,-1.1923537652655856,1.8847417155257489,-2.263161175570851,-1.5708051056679597,7.01738358444004e-06
312.548,-3.995171205684045e-05,-1.192661971010274,1.8853581294562218,-2.263470612727796,-1.5708051050046983,7.022059236305722e-06
312.558,-3.996595885968901e-05,-1.1929644017653567,1.885962993355026,-2.2637742517973636,-1.570805104353715,7.026652157904323e-06
312.568,-3.997995731452875e-05,-1.1932610200308342,1.8865562322222473,-2.2640720551310998,-1.570805103715191,7.031161587178758e-06
312.578,-3.999370458629414e-05,-1.193551788306708,1.8871377710579846,-2.264363985080538,-1.5708051030893255,7.035586762960122e-06
312.588,-4.0007197845248754e-05,-1.1938366690929791,1.8877075348623258,-2.264650003997198,-1.5708051024763083,7.039926924967688e-06
312.598,-4.002043427497881e-05,-1.1941156248896474,1.8882654486353552,-2.26493007423259,-1.5708051018763296,7.044181312032549e-06
312.608,-4.003341106884051e-05,-1.1943886181967158,1.8888114373771607,-2.2652041581382094,-1.5708051012895758,7.048349167426693e-06
312.618,-4.0046125432624535e-05,-1.194655611514183,1.8893454260878109,-2.2654722180655296,-1.5708051007162434,7.052429740639354e-06
312.628,-4.00585745881088e-05,-1.1949165673420532,1.8898673397673953,-2.2657342163660235,-1.5708051001565178,7.0564222784952335e-06
312.638,-4.0070755763288446e-05,-1.195171448180324,1.890377103415977,-2.265990115391134,-1.5708050996105856,7.060326028707209e-06
312.648,-4.008266620569856e-05,-1.1954202165290029,1.8908746420336318,-2.2662398774922994,-1.5708050990786342,7.0641402460935865e-06
312.658,-4.009430317530871e-05,-1.1956628348880896,1.8913598806204224,-2.2664834650209307,-1.570805098560852,7.067864189913564e-06
312.668,-4.010566394629933e-05,-1.1958992657575853,1.891832744176412,-2.2667208403284262,-1.57080509805742,7.0714971123209125e-06
312.678,-4.011674580439717e-05,-1.196129471637495,1.8922931577016584,-2.2669519657661676,-1.5708050975685257,7.075038274351186e-06
312.688,-4.012754606108615e-05,-1.196353415027821,1.8927410461962122,-2.2671768036855116,-1.5708050970943486,7.078486945033546e-06
312.698,-4.0138062034067445e-05,-1.196571058428569,1.8931763346601294,-2.267395316437805,-1.5708050966350724,7.081842386291726e-06
312.708,-4.014829106058215e-05,-1.1967823643397437,1.8935989480934499,-2.267607466374359,-1.570805096190874,7.085103873372134e-06
312.718,-4.015823049918765e-05,-1.1969872952613512,1.8940088114962172,-2.2678132158464774,-1.5708050957619344,7.088270674415753e-06
312.728,-4.0167877721764e-05,-1.197185813693397,1.8944058498684697,-2.2680125272054377,-1.5708050953484314,7.091342069998063e-06
312.738,-4.0177230120619356e-05,-1.1973778821358898,1.8947899882102348,-2.26820536280249,-1.5708050949505346,7.094317334477296e-06
312.748,-4.0186285107601805e-05,-1.197563463088837,1.8951611515215454,-2.268391684988868,-1.5708050945684207,7.097195755534358e-06
312.758,-4.0195040112323e-05,-1.197742519052248,1.895519264802413,-2.268571456115779,-1.5708050942022584,7.099976618185622e-06
312.768,-4.0203492586599054e-05,-1.1979150125261337,1.8958642530528653,-2.2687446385344026,-1.5708050938522193,7.102659211888351e-06
312.778,-4.021164000533872e-05,-1.1980809060105047,1.8961960412729084,-2.2689111945958937,-1.5708050935184694,7.1052428349815955e-06
312.788,-4.021947985943797e-05,-1.1982401620053744,1.8965145544625486,-2.2690710866513863,-1.5708050932011748,7.107726782251689e-06
312.798,-4.0227009662885393e-05,-1.1983927430107577,1.8968197176217885,-2.269224277051982,-1.5708050929005006,7.110110355590393e-06
312.808,-4.0234226956314956e-05,-1.1985386115266683,1.897111455750622,-2.269370728148759,-1.5708050926165988,7.112392864883077e-06
312.818,-4.024112929901236e-05,-1.1986777300531217,1.897389693849039,-2.269510402292761,-1.5708050923496346,7.114573615574216e-06
312.828,-4.024771427424412e-05,-1.198810061090137,1.8976543569170214,-2.2696432618350078,-1.5708050920997607,7.116651926430961e-06
312.838,-4.025397949547482e-05,-1.1989355671377344,1.8979053699545503,-2.269769269126489,-1.5708050918671344,7.118627114444109e-06
312.848,-4.025992259393263e-05,-1.1990542106959337,1.898142657961591,-2.26988838651816,-1.5708050916518994,7.120498509038953e-06
312.858,-4.026554122837922e-05,-1.1991659542647584,1.8983661459381107,-2.270000576360949,-1.5708050914542095,7.1222654307590005e-06
312.868,-4.027083308777435e-05,-1.1992707603442312,1.8985757588840713,-2.2701058010057493,-1.5708050912742024,7.123927216134973e-06
312.878,-4.027579588061769e-05,-1.1993685914343784,1.8987714217994203,-2.270204022803426,-1.5708050911120264,7.1254832025857695e-06
312.888,-4.028042734738335e-05,-1.1994594100352296,1.8989530596841036,-2.2702952041048063,-1.5708050909678164,7.1269327337475374e-06
312.898,-4.028472525607896e-05,-1.199543178646812,1.8991205975380616,-2.2703793072606824,-1.5708050908417066,7.128275159473674e-06
312.908,-4.028868740224567e-05,-1.1996198597691563,1.8992739603612208,-2.2704562946218165,-1.5708050907338356,7.129509831393932e-06
312.918,-4.029231161339908e-05,-1.1996894159022975,1.8994130731535108,-2.270526128538927,-1.5708050906443276,7.1306361046907796e-06
312.928,-4.0295595740147405e-05,-1.1997518095462707,1.899537860914844,-2.2705887713627093,-1.5708050905733053,7.131653349645717e-06
312.938,-4.029853766862601e-05,-1.1998070032011119,1.8996482486451303,-2.270644185443808,-1.5708050905208983,7.132560932987531e-06
312.948,-4.03011353160565e-05,-1.1998549593668615,1.8997441613442696,-2.270692333132835,-1.5708050904872204,7.133358226774078e-06
312.958,-4.0303386628082194e-05,-1.1998956405435608,1.8998255240121615,-2.2707331767803685,-1.5708050904723923,7.134044614609536e-06
312.968,-4.030528958587354e-05,-1.199929009231253,1.899892261648688,-2.2707666787369383,-1.5708050904765205,7.134619485427152e-06
312.978,-4.030684220168723e-05,-1.1999550279299853,1.8999442992537272,-2.2707928013530387,-1.57080509049971,7.135082228160172e-06
312.988,-4.030804251797804e-05,-1.199973659139803,1.899981561827147,-2.270811506979125,-1.5708050905420707,7.135432239735451e-06
312.998,-4.0308888618056926e-05,-1.1999848653607603,1.900003974368813,-2.2708227579656115,-1.5708050906036997,7.135668931290695e-06
313.008,-4.0309378614544755e-05,-1.1999886090929077,1.9000114618785737,-2.27082651666286,-1.5708050906846953,7.135791705081829e-06
313.018,-4.0309605287447425e-05,-1.1999886090851193,1.9000114618744561,-2.270826516664901,-1.5708050907507776,7.135838241190129e-06
313.028,-4.030970795643185e-05,-1.1999886090828695,1.9000114618730795,-2.270826516665879,-1.5708050907807545,7.135857953421976e-06
313.038,-4.030975374647028e-05,-1.199988609082047,1.9000114618725306,-2.2708265166663257,-1.5708050907941313,7.135866607832497e-06
313.048,-4.0309774070657056e-05,-1.1999886090817078,1.9000114618722996,-2.2708265166665256,-1.5708050908000688,7.135870437657843e-06
313.058,-4.0309783080338946e-05,-1.1999886090815612,1.9000114618721966,-2.2708265166666144,-1.5708050908027005,7.135872131414089e-06
313.068,-4.030978707270094e-05,-1.1999886090814973,1.9000114618721504,-2.2708265166666517,-1.5708050908038675,7.135872883701211e-06
313.078,-4.0309788841952354e-05,-1.199988609081468,1.9000114618721327,-2.2708265166666712,-1.5708050908043845,7.135873216768118e-06
313.088,-4.030978962532572e-05,-1.1999886090814555,1.9000114618721256,-2.2708265166666792,-1.5708050908046136,7.135873365093914e-06
313.098,-4.0309789970827126e-05,-1.1999886090814493,1.9000114618721184,-2.270826516666683,-1.5708050908047149,7.135873429930939e-06
313.108,-4.030979012625835e-05,-1.1999886090814476,1.9000114618721184,-2.2708265166666846,-1.5708050908047593,7.135873458352648e-06
313.118,-4.030979019375991e-05,-1.1999886090814458,1.9000114618721167,-2.2708265166666846,-1.5708050908047788,7.135873472563503e-06
313.128,-4.03097902230698e-05,-1.1999886090814458,1.9000114618721184,-2.2708265166666863,-1.5708050908047868,7.135873477004395e-06
313.138,-4.0309790235504295e-05,-1.1999886090814458,1.9000114618721184,-2.2708265166666837,-1.5708050908047904,7.135873478780752e-06
313.148,-4.030979024260972e-05,-1.1999886090814458,1.9000114618721184,-2.2708265166666854,-1.5708050908047948,7.1358734796689305e-06
313.158,-4.030979024527426e-05,-1.199988609081445,1.900011461872115,-2.2708265166666846,-1.5708050908047948,7.135873480557109e-06
313.168,-4.0309790247050614e-05,-1.1999886090814458,1.9000114618721184,-2.2708265166666837,-1.5708050908047948,7.135873480557109e-06
313.178,-4.0309790247050614e-05,-1.199988609081445,1.9000114618721167,-2.2708265166666854,-1.5708050908047966,7.1358734796689305e-06
313.188,-4.0309790247050614e-05,-1.1999886090814458,1.900011461872115,-2.2708265166666854,-1.5708050908047966,7.135873483221644e-06
313.198,-4.030979024793879e-05,-1.199988609081445,1.9000114618721184,-2.2708265166666846,-1.5708050908047948,7.1358734796689305e-06
313.208,-4.0309790247050614e-05,-1.1999886090814458,1.900011461872115,-2.2708265166666846,-1.5708050908047966,7.135873481445287e-06
313.218,-4.0309790247050614e-05,-1.199988609081445,1.9000114618721167,-2.2708265166666863,-1.5708050908047966,7.135873480557109e-06
313.228,-4.030979024793879e-05,-1.1999886090814458,1.900011461872115,-2.2708265166666854,-1.5708050908047948,7.135873480557109e-06
313.238,-4.0309790247050614e-05,-1.1999886090814458,1.9000114618721184,-2.2708265166666846,-1.5708050908047948,7.135873482333466e-06
313.248,-4.0309790247050614e-05,-1.1999886090814458,1.9000114618721184,-2.2708265166666846,-1.5708050908047948,7.135873481445287e-06
313.258,-4.030979024793879e-05,-1.1999886090814458,1.9000114618721167,-2.2708265166666863,-1.570805090804794,7.135873482333466e-06
313.268,-4.0309790247050614e-05,-1.1999886090814458,1.9000114618721184,-2.2708265166666854,-1.5708050908047948,7.135873481445287e-06
313.278,-4.030979024793879e-05,-1.1999886090814458,1.9000114618721167,-2.2708265166666846,-1.5708050908047975,7.135873482333466e-06
313.288,-4.0309790247050614e-05,-1.199988609081445,1.9000114618721184,-2.2708265166666837,-1.570805090804794,7.135873481445287e-06
313.298,-4.0309790247050614e-05,-1.1999886090814458,1.900011461872115,-2.2708265166666846,-1.570805090804794,7.135873477892574e-06
313.308,-4.0309790247050614e-05,-1.1999886090814458,1.9000114618721184,-2.2708265166666837,-1.5708050908047948,7.135873481445287e-06
313.318,-4.0309790247050614e-05,-1.1999886090814458,1.9000114618721167,-2.2708265166666846,-1.5708050908047957,7.135873482333466e-06
313.328,-4.0309790247050614e-05,-1.1999886090814458,1.9000114618721167,-2.2708265166666854,-1.5708050908047948,7.135873483221644e-06
313.338,-4.0309790247050614e-05,-1.1999886090814458,1.9000114618721167,-2.2708265166666846,-1.5708050908047948,7.135873481445287e-06
313.348,-4.0309790247050614e-05,-1.199988609081445,1.9000114618721184,-2.2708265166666854,-1.5708050908047948,7.135873480557109e-06
313.358,-4.0309790247050614e-05,-1.1999886090814458,1.9000114618721184,-2.2708265166666854,-1.5708050908047948,7.135873481445287e-06
313.368,-4.030979024882697e-05,-1.199988609081445,1.900011461872115,-2.2708265166666854,-1.5708050908047948,7.135873481445287e-06
313.378,-4.0309790247050614e-05,-1.1999886090814458,1.900011461872115,-2.2708265166666837,-1.5708050908047966,7.135873482333466e-06
313.388,-4.030979024793879e-05,-1.1999886090814458,1.9000114618721167,-2.2708265166666854,-1.5708050908047948,7.135873481445287e-06
313.398,-4.0309790247050614e-05,-1.1999886090814458,1.9000114618721167,-2.2708265166666854,-1.5708050908047948,7.135873480557109e-06
313.408,-4.0309790247050614e-05,-1.199988609081445,1.9000114618721167,-2.2708265166666854,-1.5708050908047966,7.135873481445287e-06
313.418,-4.0309790247050614e-05,-1.1999886090814458,1.9000114618721167,-2.2708265166666854,-1.5708050908047966,7.135873482333466e-06
313.428,-4.030979024793879e-05,-1.1999886090814458,1.900011461872115,-2.2708265166666837,-1.5708050908047948,7.135873480557109e-06
313.438,-4.0309790247050614e-05,-1.199988609081445,1.900011461872115,-2.2708265166666846,-1.5708050908047948,7.135873482333466e-06
313.448,-4.0309790247050614e-05,-1.199988609081445,1.9000114618721167,-2.2708265166666854,-1.5708050908047948,7.135873481445287e-06
313.458,-4.0309790247050614e-05,-1.1999886090814458,1.9000114618721184,-2.2708265166666846,-1.5708050908047957,7.135873480557109e-06
313.468,-4.030979024793879e-05,-1.199988609081445,1.9000114618721167,-2.2708265166666854,-1.5708050908047948,7.135873480557109e-06
313.478,-4.0309790247050614e-05,-1.199988609081445,1.9000114618721167,-2.2708265166666854,-1.5708050908047948,7.135873483221644e-06
313.488,-4.0309790247050614e-05,-1.199988609081445,1.9000114618721167,-2.2708265166666846,-1.5708050908047966,7.135873480557109e-06
313.498,-4.030979024793879e-05,-1.1999886090814458,1.9000114618721184,-2.2708265166666854,-1.5708050908047948,7.135873481445287e-06
313.508,-4.030979024882697e-05,-1.199988609081445,1.900011461872115,-2.2708265166666854,-1.5708050908047948,7.135873481445287e-06
313.518,-4.0309790247050614e-05,-1.199988609081445,1.9000114618721167,-2.2708265166666846,-1.5708050908047957,7.135873480557109e-06
313.528,-4.0309790247050614e-05,-1.199988609081445,1.9000114618721184,-2.2708265166666846,-1.5708050908047948,7.135873482333466e-06
313.538,-4.030979024793879e-05,-1.199988609081445,1.9000114618721184,-2.2708265166666846,-1.5708050908047948,7.135873481445287e-06
313.548,-4.030979024793879e-05,-1.199988609081445,1.9000114618721167,-2.2708265166666854,-1.5708050908047948,7.135873481445287e-06
