stamp,shoulder_pan_joint,shoulder_lift_joint,elbow_joint,wrist_1_joint,wrist_2_joint,wrist_3_joint
49.004,1.009551840487805e-07,-1.56999995716172,-6.487551510632695e-08,-1.569999788374631,-1.105095275333754e-07,-1.8955396661363843e-07
49.014,1.0095518404878055e-07,-1.56999995716172,-6.487551510632698e-08,-1.569999788374631,-1.1050952753337533e-07,-1.8955396661363862e-07
49.024,1.0095518404878052e-07,-1.56999995716172,-6.487551510632693e-08,-1.569999788374631,-1.105095275333752e-07,-1.8955396661363878e-07
49.034,1.0095518404878051e-07,-1.56999995716172,-6.487551510632695e-08,-1.569999788374631,-1.1050952753337524e-07,-1.8955396661363856e-07
49.044,1.009551840487805e-07,-1.56999995716172,-6.487551510632694e-08,-1.569999788374631,-1.1050952753337522e-07,-1.8955396661363843e-07
49.054,1.0095518404878047e-07,-1.56999995716172,-6.487551510632691e-08,-1.569999788374631,-1.1050952753337521e-07,-1.895539666136385e-07
49.064,1.0095518404878052e-07,-1.56999995716172,-6.48755148001738e-08,-1.5699997883746302,-1.1050952804029427e-07,-1.8955396661363854e-07
49.074,1.9831465809163343e-06,-1.5699985643399719,3.6995082686560785e-06,-1.569999148430236,-6.020591273026626e-06,9.397618098045082e-07
49.084,1.1834608436986725e-05,-1.5699912742575814,2.3402437208313438e-05,-1.5699957989367275,-3.695418553222828e-05,6.850643845494845e-06
49.094,3.4007119017206506e-05,-1.5699748665983495,6.774747017046014e-05,-1.569988260291022,-0.00010657587787351791,2.015416127938268e-05
49.104,7.103196831519267e-05,-1.5699474682075178,0.00014179718849800633,-1.5699756718554136,-0.0002228339199288043,4.236908937495098e-05
49.114,0.0001243654662049393,-1.5699080014156863,0.00024846421271692746,-1.5699575384850608,-0.0003903011253050905,7.436921478529828e-05
49.124,0.00019482915754943591,-1.569855858279604,0.00038939163299090584,-1.5699335808550021,-0.0006115571452106088,0.00011664746483905135
49.134,0.0002828697648202243,-1.5697907082246148,0.0005654728945002877,-1.5699036470797563,-0.0008880046883890701,0.00016947187324237333
49.144,0.00038871268161486155,-1.5697123844594418,0.0007771587845593832,-1.569867660525582,-0.001220351490828503,0.00023297767626632472
49.154,0.0005124526090440709,-1.5696208169052575,0.00102463870543929,-1.5698255889941353,-0.0016088949140545487,0.0003072216946245274
49.164,0.0006541070756120043,-1.5695159925909683,0.0013079477141569984,-1.569777426525732,-0.002053689997576621,0.0003922144454281006
49.174,0.0008136480401703476,-1.5693979322670255,0.0016270297284004392,-1.5697231826543532,-0.0025546486921768103,0.0004879391039739267
49.184,0.000991020553146695,-1.5692666765961165,0.001981774848995145,-1.5696628760628344,-0.0031115984561746347,0.0005943627004910028
49.194,0.0011861537758132935,-1.5691222779989045,0.0023720413984475853,-1.569596530836318,-0.0037243168559354003,0.0007114427317071923
49.204,0.0013989674870550483,-1.5689647958390198,0.002797668934484613,-1.5695241742499553,-0.004392551997124382,0.000839131064913275
49.214,0.00162937592555096,-1.5687942935798456,0.0032584859344183684,-1.5694458354625644,-0.005116034589158091,0.0009773762432737278
49.224,0.0018772900585438453,-1.5686108371056275,0.003754314332686914,-1.5693615447452516,-0.00589448506914212,0.0011261248470896877
49.234,0.002142618921526167,-1.5684144937301077,0.004284972200226596,-1.5692713330259174,-0.006727617808485179,0.001285322297611119
49.244,0.0024252704093111212,-1.5682053316111295,0.004850275326614634,-1.5691752316202923,-0.00761514359686263,0.001454913331679857
49.254,0.0027251517431522046,-1.567983419404971,0.0054500381543085,-1.5690732720731173,-0.008556771108972114,0.0016348422820015834
49.264,0.0030421697465726452,-1.567748826062232,0.006084074330304922,-1.568965486064362,-0.009552207770638076,0.0018250532426436208
49.274,0.0033762310082399265,-1.5675016207073043,0.006752197031889018,-1.568851905353846,-0.010601160270237825,0.002025490166759729
49.284,0.0037272419781415626,-1.5672418725672022,0.007454219158985893,-1.5687325617485401,-0.011703334860693514,0.0022360969242956157
49.294,0.004095109024375931,-1.5669696509295394,0.008189953447742341,-1.5686074870832583,-0.012858437537795378,0.0024568173360634687
49.304,0.004479738466686698,-1.566685025117712,0.008959212537595705,-1.5684767132092539,-0.014066174145499828,0.002687595193862621
49.314,0.004881036596264546,-1.5663880644762445,0.00976180901087735,-1.5683402719874888,-0.015326250438106925,0.0029283742723606077
49.324,0.005298909687439917,-1.5660788383621382,0.010597555416198154,-1.5681981952846582,-0.016638372116975546,0.003179098336108805
49.334,0.005733264004587446,-1.5657574161397623,0.011466264282257365,-1.568050514970841,-0.01800224485220332,0.0034397111436851027
49.344,0.006184005806202961,-1.5654238671778353,0.012367748125996619,-1.5678972629181154,-0.01941757429542844,0.0037101564501401028
49.354,0.006651041347310915,-1.5650782608476455,0.013301819457414802,-1.5677384709997393,-0.020884066087388967,0.00399037800844158
49.364,0.00713427688088595,-1.5647206665219975,0.014268290782411184,-1.567574171089669,-0.022401425862386568,0.004280319570327424
49.374,0.007633618658692315,-1.5643511535745915,0.015266974604464228,-1.567404395062271,-0.02396935925092226,0.004579924886809284
49.384,0.00814897293177953,-1.5639697913796566,0.016297683425622957,-1.5672291747921552,-0.025587571881252828,0.004889137708469975
49.394,0.008680245950775076,-1.5635766493117356,0.01736022974709232,-1.5670485421540747,-0.027255769380309852,0.005207901785639091
49.404,0.009227343966057233,-1.5631717967455534,0.018454426069578842,-1.5668625290228684,-0.028973657374242397,0.0055361608684966965
49.414,0.009790173227857116,-1.5627553030559456,0.019580084893494738,-1.566671167273424,-0.030740941488737458,0.005873858707134563
49.424,0.010368639986318953,-1.5623272376178114,0.02073701871907843,-1.566474488780659,-0.032557327349209186,0.0062209390515923285
49.434,0.010962650491535655,-1.5618876698060877,0.02192504004646573,-1.5662725254195093,-0.034422520580910616,0.0065773456518788435
49.444,0.011572110993569843,-1.5614366689957344,0.023143961375731843,-1.5660653090649197,-0.036336226808999644,0.0069430222579847795
49.454,0.012196927742466243,-1.5609743045617237,0.024393595206916203,-1.565852871591842,-0.03829815165857801,0.007317912619890072
49.464,0.012837006988259016,-1.5605006458790374,0.02567375404003711,-1.5656352448752313,-0.04030800075471424,0.0077019604875683215
49.474,0.013492254980976082,-1.5600157623226605,0.026984250375100383,-1.565412460790045,-0.04236547972245731,0.008095109610989382
49.484,0.014162577970641684,-1.5595197232675806,0.028324896712104485,-1.5651845512112417,-0.04447029418684462,0.0084973037401209
49.494,0.014847882207277893,-1.5590125980887872,0.029695505551043517,-1.5649515480137803,-0.04662214977290674,0.008908486624929216
49.504,0.015548073940905485,-1.5584944561612715,0.031095889391909024,-1.564713483072621,-0.0488207521056702,0.009328602015379899
49.514,0.01626305942154448,-1.5579653668600242,0.03252586073469102,-1.5644703882627227,-0.051065806810159146,0.009757593661438068
49.524,0.01699274489921446,-1.5574253995600371,0.03398523207937864,-1.5642222954590468,-0.05335701951139634,0.010195405313068558
49.534,0.017737036623934724,-1.5568746236363018,0.03547381592596048,-1.5639692365365527,-0.05569409583440368,0.01064198072023607
49.544,0.01849584084572444,-1.5563131084638102,0.03699142477442482,-1.5637112433702007,-0.05807674140420258,0.011097263632905188
49.554,0.019269063814602663,-1.5557409234175543,0.03853787112475976,-1.563448347834952,-0.060504661845814225,0.011561197801040455
49.564,0.020056611780588395,-1.5551581378725252,0.04011296747695329,-1.5631805818057654,-0.06297756278425956,0.012033726974606375
49.574,0.020858390993700612,-1.554564821203716,0.04171652633099333,-1.562907977157602,-0.06549514984455945,0.012514794903567439
49.584,0.021674307703958288,-1.553961042786118,0.04334836018686778,-1.5626305657654223,-0.0680571286517347,0.013004345337888117
49.594,0.022504268161380354,-1.5533468719947228,0.04500828154456451,-1.562348379504186,-0.07066320483080607,0.01350232202753288
49.604,0.02334817861598575,-1.5527223782045227,0.04669610290407136,-1.5620614502488543,-0.0733130840067943,0.014008668722466188
49.614,0.02420594531779341,-1.5520876307905098,0.048411636765376194,-1.5617698098743866,-0.07600647180472014,0.014523329172652508
49.624,0.025077474516822268,-1.5514426991276762,0.050154695628466826,-1.5614734902557437,-0.07874307384960431,0.015046247128056299
49.634,0.025962672463091255,-1.5507876525910136,0.05192509199333111,-1.5611725232678861,-0.0815225957664675,0.015577366338642014
49.644,0.026861445406619295,-1.550122560555514,0.05372263835995687,-1.5608669407857736,-0.08434474318033053,0.016116630554374123
49.654,0.027773699597425334,-1.5494474923961692,0.05554714722833197,-1.5605567746843667,-0.08720922171621404,0.016663983525217082
49.664,0.028699341285528288,-1.5487625174879722,0.057398431098444204,-1.5602420568386264,-0.0901157369991388,0.017219369001135347
49.674,0.029638276720947092,-1.548067705205914,0.059276302470281435,-1.5599228191235122,-0.09306399465412549,0.01778273073209338
49.684,0.030590412153700668,-1.5473631249249864,0.061180573843831486,-1.5595990934139847,-0.09605370030619485,0.01835401246805564
49.694,0.031555653833807956,-1.5466488460201815,0.0631110577190822,-1.5592709115850045,-0.09908455958036763,0.018933157958986584
49.704,0.03253390801128789,-1.5459249378664914,0.0650675665960214,-1.5589383055115316,-0.10215627810166449,0.01952011095485067
49.714,0.03352508093615938,-1.545191469838908,0.06704991297463693,-1.5586013070685263,-0.10526856149510617,0.02011481520561236
49.724,0.034529078858441364,-1.5444485113124236,0.06905790935491662,-1.5582599481309487,-0.1084211153857134,0.02071721446123611
49.734,0.03554580802815277,-1.5436961316620303,0.07109136823684829,-1.5579142605737595,-0.11161364539850689,0.021327252471686375
49.744,0.03657517469531253,-1.5429344002627194,0.07315010212041978,-1.557564276271919,-0.11484585715850737,0.021944872986927617
49.754,0.03761708510993958,-1.5421633864894833,0.07523392350561892,-1.5572100271003877,-0.11811745629073551,0.022570019756924298
49.764,0.03867144552205284,-1.5413831597173138,0.07734264489243353,-1.5568515449341256,-0.12142814842021206,0.023202636531640865
49.774,0.03973816218167123,-1.540593789321203,0.07947607878085149,-1.556488861648093,-0.12477763917195776,0.023842667061041788
49.784,0.0408171413388137,-1.5397953446761428,0.08163403767086064,-1.5561220091172505,-0.12816563417099333,0.02449005509509153
49.794,0.041908289243499174,-1.538987895157125,0.08381633406244873,-1.555751019216558,-0.13159183904233943,0.02514474438375454
49.804,0.04301151214574658,-1.538171510139142,0.08602278045560367,-1.5553759238209763,-0.13505595941101683,0.02580667867699528
49.814,0.04412671629557485,-1.5373462589971851,0.08825318935031326,-1.554996754805466,-0.13855770090204622,0.0264758017247782
49.824,0.0452538079430029,-1.5365122111062472,0.09050737324656534,-1.5546135440449864,-0.1420967691404484,0.027152057277067772
49.834,0.04639269333804967,-1.5356694358413197,0.09278514464434776,-1.5542263234144982,-0.145672869751244,0.027835389083828453
49.844,0.04754327873073409,-1.534818002577394,0.09508631604364833,-1.5538351247889621,-0.14928570835945373,0.028525740895024694
49.854,0.048705470371075095,-1.5339579806894632,0.09741069994445492,-1.5534399800433385,-0.15293499059009835,0.02922305646062096
49.864,0.0498791745090916,-1.5330894395525188,0.09975810884675529,-1.553040921052587,-0.15662042206819854,0.0299272795305817
49.874,0.05106429739480254,-1.5322124485415525,0.10212835525053733,-1.552637979691669,-0.16034170841877504,0.030638353854871386
49.884,0.05226074527822684,-1.5313270770315566,0.10452125165578885,-1.552231187835544,-0.1640985552668486,0.03135622318345447
49.894,0.053468424409383444,-1.5304333943975232,0.10693661056249773,-1.551820577359172,-0.16789066823743992,0.032080831266295406
49.904,0.05468724103829127,-1.529531470014444,0.10937424447065178,-1.551406180137514,-0.17171775295556968,0.03281212185335865
49.914,0.05591710141496926,-1.5286213732573108,0.11183396588023878,-1.5509880280455306,-0.17557951504625866,0.03355003869460867
49.924,0.05715791178943632,-1.5277031735011157,0.11431558729124662,-1.5505661529581816,-0.1794756601345275,0.03429452554000993
49.934,0.0584095784117114,-1.5267769401208506,0.11681892120366313,-1.5501405867504274,-0.18340589384539696,0.03504552613952689
49.944,0.05967200753181342,-1.5258427424915078,0.11934378011747615,-1.549711361297228,-0.18736992180388778,0.035802984243124
49.954,0.060945105399761314,-1.5249006499880788,0.12188997653267349,-1.5492785084735448,-0.19136744963502067,0.03656684360076572
49.964,0.062228778265574006,-1.523950731985556,0.12445732294924298,-1.5488420601543373,-0.1953981829638163,0.0373370479624165
49.974,0.06352293237927042,-1.5229930578589315,0.12704563186717252,-1.5484020482145655,-0.19946182741529545,0.03811354107804081
49.984,0.06482747399086951,-1.5220276969831967,0.12965471578644985,-1.5479585045291901,-0.2035580886144788,0.0388962666976031
49.994,0.0661423093503902,-1.5210547187333439,0.13228438720706284,-1.5475114609731717,-0.20768667218638703,0.03968516857106783
50.004,0.06746734470785137,-1.5200741924843648,0.13493445862899933,-1.5470609494214704,-0.21184728375604095,0.04048019044839946
50.014,0.068802486313272,-1.5190861876112516,0.13760474255224714,-1.5466070017490465,-0.21603962894846124,0.041281276079562446
50.024,0.07014764041667101,-1.5180907734889966,0.14029505147679416,-1.5461496498308605,-0.2202634133886686,0.04208836921452127
50.034,0.07150271326806736,-1.517088019492591,0.1430051979026281,-1.5456889255418722,-0.2245183427016837,0.04290141360324036
50.044,0.07286761111747991,-1.5160779949970278,0.14573499432973694,-1.5452248607570427,-0.22880412251252735,0.04372035299568419
50.054,0.07424224021492763,-1.515060769377298,0.1484842532581084,-1.544757487351332,-0.2331204584462202,0.04454513114181721
50.064,0.07562650681042946,-1.5140364120083938,0.15125278718773041,-1.5442868371997003,-0.237467056127783,0.04537569179160388
50.074,0.07702031715400429,-1.5130049922653075,0.15404040861859072,-1.543812942177108,-0.24184362118223648,0.04621197869500867
50.084,0.07842357749567107,-1.5119665795230304,0.15684693005067726,-1.5433358341585157,-0.24624985923460133,0.047053935601996034
50.094,0.07983619408544876,-1.5109212431565555,0.1596721639839778,-1.542855545018883,-0.25068547590989826,0.04790150626253042
50.104,0.08125807317335625,-1.509869052540874,0.16251592291848016,-1.5423721066331706,-0.25515017683314806,0.0487546344265763
50.114,0.08268912100941249,-1.508810077050978,0.16537801935417215,-1.5418855508763392,-0.2596436676293714,0.04961326384409812
50.124,0.08412924384363638,-1.5077443860618593,0.1682582657910417,-1.5413959096233485,-0.264165653923589,0.050477338265060345
50.134,0.08557834792604689,-1.5066720489485106,0.17115647472907658,-1.540903214749159,-0.26871584134082144,0.05134680143942744
50.144,0.08703633950666291,-1.505593135085923,0.17407245866826465,-1.5404074981287317,-0.27329393550608966,0.05222159711716386
50.154,0.08850312483550339,-1.5045077138490888,0.1770060301085937,-1.5399087916370262,-0.27789964204441425,0.05310166904823405
50.164,0.08997861016258722,-1.5034158546129999,0.17995700155005162,-1.539407127149003,-0.282532666580816,0.05398696098260249
50.174,0.0914627017379334,-1.5023176267526483,0.18292518549262618,-1.5389025365396225,-0.2871927147403155,0.054877416670233624
50.184,0.09295530581156083,-1.5012130996430266,0.1859103944363053,-1.538395051683845,-0.2918794921479336,0.05577297986109191
50.194,0.09445632863348845,-1.5001023426591262,0.1889124408810767,-1.5378847044566306,-0.29659270442869096,0.056673594305141815
50.204,0.09596567645373515,-1.498985425175939,0.19193113732692832,-1.5373715267329402,-0.3013320572076083,0.05757920375234779
50.214,0.09748325552231989,-1.4978624165684573,0.19496629627384793,-1.536855550387734,-0.3060972561097063,0.0584897519526743
50.224,0.09900897208926158,-1.4967333862116723,0.19801773022182334,-1.5363368072959713,-0.3108880067600057,0.0594051826560858
50.234,0.10054273240457917,-1.495598403480577,0.20108525167084249,-1.535815329332613,-0.3157040147835273,0.06032543961254676
50.244,0.10208444271829159,-1.494457537750162,0.20416867312089318,-1.5352911483726204,-0.3205449858052918,0.06125046657202162
50.254,0.10363400928041774,-1.4933108583954207,0.2072678070719632,-1.5347642962909527,-0.32541062545031985,0.06218020728447485
50.264,0.10519133834097655,-1.4921584347913441,0.21038246602404037,-1.5342348049625705,-0.33030063934363213,0.06311460549987093
50.274,0.10675633614998697,-1.4910003363129247,0.21351246247711256,-1.5337027062624342,-0.33521473311024946,0.06405360496817426
50.284,0.10832890895746795,-1.4898366323351544,0.21665760893116764,-1.5331680320655043,-0.3401526123751925,0.06499714943934935
50.294,0.10990896301343839,-1.4886673922330251,0.21981771788619342,-1.532630814246741,-0.34511398276348193,0.06594518266336065
50.304,0.1114964045679172,-1.4874926853815287,0.22299260184217773,-1.5320910846811042,-0.35009854990013844,0.06689764839017259
50.314,0.11309113987092335,-1.486312581155657,0.22618207329910836,-1.531548875243555,-0.35510601941018294,0.06785449036974965
50.324,0.11469307517247576,-1.4851271489304025,0.22938594475697316,-1.5310042178090528,-0.360136096918636,0.06881565235205629
50.334,0.11630211672259336,-1.4839364580807566,0.23260402871576003,-1.5304571442525587,-0.36518848805051846,0.06978107808705697
50.344,0.11791817077129506,-1.4827405779817118,0.23583613767545672,-1.5299076864490326,-0.3702628984308508,0.07075071132471612
50.354,0.1195411435685998,-1.4815395780082596,0.23908208413605114,-1.5293558762734354,-0.375359033684654,0.07172449581499825
50.364,0.12117094136452648,-1.480333527535392,0.24234168059753103,-1.528801745600727,-0.38047659943694856,0.07270237530786779
50.374,0.12280747040909407,-1.4791224959381015,0.24561473955988428,-1.5282453263058675,-0.38561530131275534,0.07368429355328919
50.384,0.1244506369523215,-1.4779065525913797,0.24890107352309873,-1.5276866502638178,-0.390774844937095,0.07467019430122693
50.394,0.12610034724422767,-1.4766857668702182,0.25220049498716224,-1.5271257493495374,-0.39595493593498826,0.07566002130164547
50.404,0.1277565075348315,-1.475460208149609,0.2555128164520626,-1.5265626554379876,-0.40115527993145583,0.07665371830450926
50.414,0.12941902407415198,-1.4742299458045451,0.2588378504177876,-1.5259974004041281,-0.4063755825515185,0.07765122905978274
50.424,0.13108780311220802,-1.4729950492100177,0.2621754093843252,-1.5254300161229193,-0.41161554942019685,0.07865249731743036
50.434,0.13276275089901848,-1.471755587741019,0.2655253058516631,-1.5248605344693213,-0.4168748861625117,0.07965746682741662
50.444,0.13444377368460234,-1.4705116307725408,0.2688873523197892,-1.5242889873182954,-0.4221532984034837,0.08066608133970597
50.454,0.13613077771897858,-1.4692632476795748,0.27226136128869133,-1.5237154065448006,-0.42745049176813366,0.08167828460426285
50.464,0.13782366925216605,-1.468010507837113,0.2756471452583573,-1.523139824023798,-0.43276617188148225,0.08269402037105171
50.474,0.13952235453418366,-1.4667534806201477,0.27904451672877506,-1.5225622716302478,-0.43810004436855027,0.08371323239003706
50.484,0.1412267398150504,-1.465492235403671,0.2824532881999323,-1.5219827812391105,-0.4434518148543583,0.0847358644111833
50.494,0.14293673134478518,-1.4642268415626747,0.2858732721718169,-1.521401384725346,-0.448821188963927,0.08576186018445495
50.504,0.144652235373407,-1.4629573684721504,0.2893042811444167,-1.520818113963915,-0.4542078723222772,0.0867911634598164
50.514,0.1463731581509347,-1.4616838855070904,0.2927461276177197,-1.5202330008297777,-0.45961157055442975,0.08782371798723212
50.524,0.14809940592738724,-1.4604064620424868,0.2961986240917133,-1.5196460771978946,-0.4650319892854052,0.08885946751666662
50.534,0.14983088495278352,-1.4591251674533314,0.29966158306638574,-1.5190573749432252,-0.4704688341402243,0.08989835579808436
50.544,0.15156750147714249,-1.4578400711146162,0.30313481704172474,-1.518466925940731,-0.4759218107439077,0.09094032658144974
50.554,0.15330916175048312,-1.4565512424013332,0.306618138517718,-1.5178747620653716,-0.4813906247214763,0.09198532361672725
50.564,0.15505577202282422,-1.4552587506884742,0.3101113599943536,-1.5172809151921074,-0.4868749816979507,0.09303329065388133
50.574,0.15680723854418482,-1.4539626653510314,0.31361429397161916,-1.5166854171958988,-0.49237458729835154,0.09408417144287648
50.584,0.15856346756458387,-1.4526630557639963,0.31712675294950254,-1.516088299951706,-0.4978891471476996,0.0951379097336771
50.594,0.16032436533404024,-1.4513599913023618,0.3206485494279917,-1.5154895953344898,-0.5034183668710157,0.09619444927624765
50.604,0.1620898381025728,-1.4500535413411189,0.32417949590707446,-1.51488933521921,-0.5089619520933206,0.09725373382055265
50.614,0.16385979212020063,-1.4487437752552599,0.32771940488673845,-1.5142875514808274,-0.5145196084396347,0.09831570711655656
50.624,0.16563413363694257,-1.447430762419777,0.33126808886697173,-1.5136842759943017,-0.5200910415349789,0.09938031291422376
50.634,0.16741276890281756,-1.446114572209662,0.334825360347762,-1.5130795406345936,-0.525675957004374,0.10044749496351879
50.644,0.1691956041678445,-1.4447952739999066,0.3383910318290972,-1.5124733772766632,-0.5312740604728408,0.10151719701440605
50.654,0.1709825456820424,-1.4434729371655033,0.3419649158109651,-1.5118658177954714,-0.5368850575653997,0.10258936281685002
50.664,0.1727734996954301,-1.4421476310814438,0.3455468247933535,-1.5112568940659779,-0.5425086539070714,0.10366393612081518
50.674,0.17456837245802656,-1.4408194251227204,0.34913657127625036,-1.510646637963143,-0.5481445551228771,0.10474086067626594
50.684,0.17636707021985076,-1.4394883886643244,0.3527339677596435,-1.5100350813619277,-0.5537924668378371,0.10582008023316679
50.694,0.17816949923092154,-1.4381545910812479,0.3563388267435205,-1.5094222561372916,-0.5594520946769721,0.10690153854148218
50.704,0.17997556574125786,-1.4368181017484831,0.35995096072786953,-1.5088081941641953,-0.5651231442653032,0.10798517935117659
50.714,0.1817851760008787,-1.435478990041022,0.36357018221267823,-1.5081929273175994,-0.5708053212278507,0.10907094641221446
50.724,0.1835982362598029,-1.4341373253338565,0.36719630369793455,-1.5075764874724635,-0.5764983311896356,0.11015878347456025
50.734,0.1854146527680495,-1.432793177001979,0.3708291376836262,-1.5069589065037485,-0.5822018797756786,0.11124863428817842
50.744,0.18723433177563736,-1.4314466144203806,0.37446849666974097,-1.5063402162864148,-0.5879156726110003,0.11234044260303344
50.754,0.1890571795325854,-1.4300977069640535,0.3781141931562669,-1.5057204486954223,-0.5936394153206215,0.11343415216908977
50.764,0.1908831022889126,-1.4287465240079904,0.3817660396431917,-1.5050996356057313,-0.5993728135295628,0.11452970673631183
50.774,0.1927120062946378,-1.4273931349271827,0.3854238486305033,-1.5044778088923032,-0.605115572862845,0.11562705005466412
50.784,0.19454379779978004,-1.426037609096622,0.3890874326181894,-1.503855000430097,-0.6108673989454887,0.11672612587411106
50.794,0.1963783830543582,-1.4246800158913009,0.3927566041062379,-1.5032312420940732,-0.6166279974025148,0.11782687794461716
50.804,0.1982156683083912,-1.4233204246862112,0.3964311755946366,-1.5026065657591925,-0.622397073858944,0.11892925001614685
50.814,0.20005555981189796,-1.4219589048563448,0.4001109595833734,-1.5019810033004155,-0.628174333939797,0.12003318583866456
50.824,0.20189796381489739,-1.4205955257766938,0.40379576857243615,-1.501354586592702,-0.6339594832700947,0.12113862916213479
50.834,0.20374278656740846,-1.41923035682225,0.4074854150618126,-1.5007273475110123,-0.6397522274748574,0.12224552373652199
50.844,0.2055899343194501,-1.417863467368005,0.4111797115514906,-1.5000993179303068,-0.6455522721791062,0.12335381331179061
50.854,0.2074393133210413,-1.4164949267889517,0.41487847054145804,-1.499470529725546,-0.6513593230078614,0.12446344163790513
50.864,0.20929082982220085,-1.4151248044600815,0.41858150453170273,-1.49884101477169,-0.6571730855861441,0.12557435246482998
50.874,0.21114439007294772,-1.4137531697563863,0.42228862602221245,-1.498210804943699,-0.6629932655389748,0.12668648954252965
50.884,0.2129999003233009,-1.4123800920528584,0.4259996475129751,-1.4975799321165342,-0.6688195684913743,0.12779979662096852
50.894,0.2148572668232793,-1.4110056407244893,0.42971438150397845,-1.4969484281651553,-0.6746517000683634,0.12891421745011114
50.904,0.2167163958229018,-1.409629885146271,0.4334326404952104,-1.4963163249645222,-0.6804893658949627,0.13002969577992193
50.914,0.2185771935721874,-1.408252894693196,0.43715423698665884,-1.4956836543895957,-0.6863322715961931,0.13114617536036535
50.924,0.220439566321155,-1.406874738740256,0.44087898347831145,-1.4950504483153362,-0.6921801227970752,0.13226359994140593
50.934,0.2223034203198235,-1.405495486662443,0.4446066924701562,-1.494416738616704,-0.6980326251226298,0.133381913273008
50.944,0.2241686618182118,-1.404115207834749,0.44833717646218085,-1.4937825571686592,-0.7038894841978773,0.13450105910513607
50.954,0.22603519706633898,-1.4027339716321656,0.4520702479543733,-1.4931479358461623,-0.7097504056478386,0.13562098118775462
50.964,0.22790293231422382,-1.401351847429685,0.45580571944672127,-1.4925129065241733,-0.7156150950975345,0.1367416232708281
50.974,0.22977177381188527,-1.3999689046022994,0.45954340343921274,-1.4918775010776528,-0.7214832581719859,0.13786292910432094
50.984,0.23164162780934233,-1.3985852125250007,0.4632831124318355,-1.4912417513815608,-0.7273546004962131,0.1389848424381977
50.994,0.23351240055661387,-1.3972008405727803,0.4670246589245773,-1.4906056893108581,-0.7332288276952372,0.14010730702242272
51.004,0.23538399830371887,-1.3958158581206308,0.47076785541742594,-1.4899693467405049,-0.7391056453940787,0.14123026660696053
51.014,0.2372563273006762,-1.3944303345435438,0.4745125144103694,-1.4893327555454612,-0.7449847592177584,0.14235366494177548
51.024,0.2391292937975048,-1.3930443392165115,0.47825844840339554,-1.4886959476006878,-0.7508658747912971,0.1434774457768322
51.034,0.24100280404422358,-1.3916579415145258,0.4820054698964921,-1.4880589547811447,-0.7567486977397153,0.144601552862095
51.044,0.24287676429085153,-1.3902712108125785,0.485753391389647,-1.4874218089617925,-0.7626329336880339,0.14572592994752842
51.054,0.24475108078740754,-1.3888842164856623,0.489502025382848,-1.4867845420175907,-0.7685182882612737,0.1468505207830969
51.064,0.24662565978391054,-1.3874970279087684,0.4932511843760829,-1.4861471858235007,-0.7744044670844551,0.1479752691187649
51.074,0.2485004075303795,-1.386109714456889,0.4970006808693395,-1.485509772254482,-0.7802911757825989,0.1491001187044969
51.084,0.2503752302768333,-1.3847223455050157,0.5007503273626058,-1.4848723331854958,-0.7861781199807262,0.15022501329025728
51.094,0.25225003427329085,-1.3833349904281413,0.5044999363558694,-1.4842349004915012,-0.7920650053038573,0.15134989662601056
51.104,0.2541247257697712,-1.3819477186012572,0.5082493203491185,-1.4835975060474593,-0.797951537377013,0.1524747124617212
51.114,0.2559992110162931,-1.3805605993993553,0.5119982918423407,-1.4829601817283307,-0.8038374218252142,0.15359940454735363
51.124,0.25787339626287564,-1.3791737021974277,0.5157466633355238,-1.482322959409075,-0.8097223642734814,0.15472391663287235
51.134,0.25974718775953765,-1.3777870963704666,0.5194942473286557,-1.481685870964653,-0.8156060703468356,0.15584819246824178
51.144,0.2616204917562982,-1.3764008512934638,0.5232408563217243,-1.4810489482700246,-0.8214882456702973,0.15697217580342637
51.154,0.2634932145031761,-1.3750150363414109,0.5269863028147175,-1.4804122232001504,-0.8273685958688873,0.1580958103883906
51.164,0.2653652622501902,-1.3736297208893002,0.5307303993076228,-1.4797757276299908,-0.833246826567626,0.15921903997309897
51.174,0.2672365412473595,-1.372244974312124,0.5344729583004284,-1.479139493434506,-0.8391226433915349,0.1603418083075159
51.184,0.26910695774470306,-1.3708608659848738,0.5382137922931218,-1.4785035524886563,-0.844995751965634,0.16146405914160586
51.194,0.2709764179922396,-1.3694774652825414,0.5419527137856911,-1.4778679366674021,-0.8508658579149444,0.16258573622533323
51.204,0.2728448282399881,-1.3680948415801193,0.5456895352781242,-1.477232677845704,-0.8567326668644866,0.16370678330866256
51.214,0.2747120947379677,-1.3667130642525993,0.5494240692704087,-1.4765978078985216,-0.8625958844392814,0.1648271441415583
51.224,0.2765781237361971,-1.3653322026749732,0.5531561282625324,-1.4759633587008159,-0.8684552162643494,0.16594676247398488
51.234,0.27844282148469524,-1.363952326222233,0.5568855247544833,-1.4753293621275465,-0.8743103679647116,0.16706558205590682
51.244,0.2803060942334812,-1.3625735042693707,0.5606120712462493,-1.4746958500536742,-0.8801610451653887,0.16818354663728854
51.254,0.2821678482325737,-1.3611958061913783,0.5643355802378182,-1.4740628543541596,-0.8860069534914012,0.1693005999680944
51.264,0.2840279897319918,-1.359819301363248,0.5680558642291778,-1.4734304069039623,-0.8918477985677701,0.170416685798289
51.274,0.2858864249817544,-1.3584440591599718,0.5717727357203156,-1.4727985395780432,-0.8976832860195157,0.1715317478778367
51.284,0.28774306023188045,-1.3570701489565409,0.5754860072112199,-1.4721672842513622,-0.9035131214716591,0.17264572995670202
51.294,0.28959780173238886,-1.3556976401279475,0.5791954912018784,-1.47153667279888,-0.9093370105492208,0.17375857578484943
51.304,0.29145055573329864,-1.3543266020491842,0.5829010001922789,-1.4709067370955569,-0.9151546588772218,0.17487022911224334
51.314,0.2933012284846286,-1.3529571040952424,0.5866023466824093,-1.4702775090163527,-0.9209657720806824,0.1759806336888482
51.324,0.2951497262363977,-1.351589215641115,0.5902993431722573,-1.4696490204362282,-0.9267700557846237,0.17708973326462854
51.334,0.2969959552386249,-1.3502230060617926,0.5939918021618107,-1.4690213032301438,-0.9325672156140662,0.17819747158954874
51.344,0.2988398217413291,-1.348858544732268,0.5976795361510578,-1.4683943892730593,-0.9383569571940307,0.17930379241357333
51.354,0.30068123199452934,-1.3474959010275327,0.6013623576399859,-1.467768310439936,-0.9441389861495377,0.18040863948666672
51.364,0.3025200922482443,-1.3461351443225793,0.6050400791285829,-1.4671430986057328,-0.9499130081056086,0.18151195655879337
51.374,0.3043563087524932,-1.3447763439923992,0.608712513116837,-1.466518785645411,-0.9556787286872636,0.1826136873799178
51.384,0.3061897877572948,-1.3434195694119848,0.6123794721047358,-1.4658954034339307,-0.9614358535195233,0.18371377570000438
51.394,0.30802043551266806,-1.3420648899563277,0.6160407685922671,-1.4652729838462522,-0.9671840882274088,0.18481216526901761
51.404,0.3098481582686319,-1.34071237500042,0.6196962150794187,-1.464651558757336,-0.9729231384359404,0.185908799836922
51.414,0.3116728622752052,-1.3393620939192536,0.6233456240661787,-1.4640311600421423,-0.9786527097701393,0.18700362315368188
51.424,0.3134944537824069,-1.3380141160878207,0.6269888080525347,-1.463411819575631,-0.9843725078550258,0.18809657896926182
51.434,0.3153128390402561,-1.336668510881113,0.6306255795384745,-1.462793569232763,-0.9900822383156209,0.18918761103362627
51.444,0.3171279242987715,-1.3353253476741227,0.6342557510239861,-1.462176440888498,-0.9957816067769453,0.1902766630967396
51.454,0.31893961580797225,-1.3339846958418415,0.6378791350090572,-1.4615604664177972,-1.0014703188640195,0.19136367890856637
51.464,0.3207478198178771,-1.3326466247592614,0.6414955439936758,-1.4609456776956202,-1.0071480802018644,0.19244860221907106
51.474,0.32255244257850507,-1.3313112038013748,0.6451047904778296,-1.460332106596928,-1.0128145964155006,0.19353137677821797
51.484,0.324353390339875,-1.3299785023431734,0.6487066869615064,-1.45971978499668,-1.0184695731299496,0.19461194633597168
51.494,0.32615056935200587,-1.328648589759649,0.6523010459446944,-1.459108744769837,-1.0241127159702312,0.19569025464229664
51.504,0.32794388586491663,-1.3273215354257935,0.6558876799273811,-1.4584990177913595,-1.0297437305613661,0.1967662454471573
51.514,0.32973324612862626,-1.3259974087165993,0.6594664014095541,-1.4578906359362074,-1.035362322528375,0.19783986250051808
51.524,0.3315185563931536,-1.3246762790070583,0.6630370228912018,-1.4572836310793416,-1.040968197496279,0.19891104955234348
51.534,0.33329972290851756,-1.3233582156721624,0.6665993568723115,-1.4566780350957216,-1.046561061090099,0.19997975035259796
51.544,0.3350766519247371,-1.3220432880869029,0.6701532158528714,-1.4560738798603088,-1.052140618934855,0.201045908651246
51.554,0.3368492496918314,-1.3207315656262721,0.6736984123328693,-1.4554711972480627,-1.0577065766555684,0.20210946819825198
51.564,0.3386174224598189,-1.319423117665263,0.6772347588122929,-1.4548700191339436,-1.0632586398772599,0.2031703727435804
51.574,0.34038107647871885,-1.3181180135788664,0.6807620677911301,-1.454270377392912,-1.0687965142249503,0.20422856603719577
51.584,0.3421401179985501,-1.3168163227420748,0.6842801517693686,-1.4536723038999282,-1.07431990532366,0.20528399182906248
51.594,0.34389445326933155,-1.3155181145298798,0.6877888232469966,-1.4530758305299525,-1.0798285187984096,0.20633659386914502
51.604,0.3456439885410823,-1.3142234583172738,0.6912878947240019,-1.452480989157945,-1.0853220602742197,0.2073863159074078
51.614,0.34738863006382104,-1.3129324234792483,0.694777178700372,-1.4518878116588672,-1.0908002353761115,0.20843310169381535
51.624,0.34912828408756685,-1.3116450793907954,0.6982564876760948,-1.451296329907678,-1.0962627497291055,0.20947689497833208
51.634,0.35086285686233853,-1.3103614954269076,0.7017256341511584,-1.4507065757793385,-1.1017093089582228,0.21051763951092248
51.644,0.3525922546381552,-1.3090817409625761,0.7051844306255503,-1.4501185811488089,-1.1071396186884837,0.211555279041551
51.654,0.35431638366503576,-1.3078058853727932,0.7086326895992584,-1.4495323778910487,-1.1125533845449092,0.2125897573201821
51.664,0.356035150192999,-1.306533998032551,0.712070223572271,-1.448947997881019,-1.1179503121525198,0.21362101809678022
51.674,0.3577484604720639,-1.3052661483168413,0.7154968450445753,-1.4483654729936803,-1.1233301071363357,0.21464900512130983
51.684,0.3594562207522493,-1.304002405600656,0.7189123665161595,-1.4477848351039928,-1.1286924751213787,0.21567366214373535
51.694,0.3611583372835743,-1.3027428392589873,0.7223166004870114,-1.4472061160869163,-1.1340371217326688,0.21669493291402134
51.704,0.3628547163160578,-1.3014875186668269,0.7257093594571187,-1.4466293478174115,-1.1393637525952265,0.2177127611821322
51.714,0.36454526409971866,-1.3002365131991669,0.7290904559264693,-1.4460545621704386,-1.1446720733340736,0.21872709069803237
51.724,0.36622988688457586,-1.2989898922309993,0.732459702395051,-1.4454817910209583,-1.14996178957423,0.2197378652116863
51.734,0.3679084909206483,-1.2977477251373162,0.735816911362852,-1.4449110662439306,-1.1552326069407166,0.2207450284730585
51.744,0.36958098245795495,-1.2965100812931094,0.7391618953298595,-1.4443424197143158,-1.1604842310585541,0.2217485242321134
51.754,0.3712472677465146,-1.295277030073371,0.7424944667960618,-1.443775883307074,-1.1657163675527633,0.22274829623881545
51.764,0.3729072530363464,-1.2940486408530925,0.7458144382614468,-1.4432114888971659,-1.1709287220483648,0.2237442882431291
51.774,0.37456084457746913,-1.2928249830072667,0.749121622226002,-1.442649268359552,-1.1761210001703795,0.22473644399501885
51.784,0.3762079486199017,-1.2916061259108849,0.7524158311897154,-1.4420892535691923,-1.181292907543828,0.22572470724444912
51.794,0.3778484714136631,-1.290392138938939,0.7556968776525748,-1.441531476401047,-1.186444149793731,0.22670902174138438
51.804,0.3794823192087723,-1.289183091466421,0.758964574114568,-1.4409759687300767,-1.1915744325451092,0.22768933123578908
51.814,0.38110939825524814,-1.2879790528683237,0.7622187330756829,-1.4404227624312411,-1.1966834614229833,0.22866557947762775
51.824,0.38272961480310963,-1.2867800925196382,0.7654591670359073,-1.439871889379501,-1.2017709420523743,0.22963771021686474
51.834,0.3843428751023757,-1.285586279795357,0.7686856884952292,-1.4393233814498172,-1.2068365800583025,0.2306056672034646
51.844,0.3859490854030651,-1.2843976840704718,0.7718981099536362,-1.438777270517149,-1.211880081065789,0.2315693941873917
51.854,0.387548151955197,-1.283214374719974,0.7750962439111163,-1.4382335884564577,-1.2169011506998546,0.2325288349186106
51.864,0.3891399810087902,-1.2820364211188564,0.7782799028676572,-1.437692367142703,-1.2218994945855195,0.23348393314708568
51.874,0.39072447881386374,-1.2808638926421108,0.7814488993232468,-1.4371536384508454,-1.2268748183478049,0.23443463262278139
51.884,0.39230155162043634,-1.2796968586647286,0.7846030457778732,-1.436617434255845,-1.2318268276117312,0.23538087709566227
51.894,0.393871105678527,-1.2785353885617028,0.787742154731524,-1.4360837864326628,-1.2367552280023197,0.23632261031569277
51.904,0.39543304723815487,-1.2773795517080244,0.7908660386841868,-1.4355527268562582,-1.24165972514459,0.23725977603283724
51.914,0.3969872825493386,-1.2762294174786863,0.7939745101358496,-1.4350242874015922,-1.246540024663564,0.2381923179970602
51.924,0.3985337178620972,-1.2750850552486792,0.7970673815865005,-1.4344984999436245,-1.2513958321842618,0.23912017995832613
51.934,0.40007225942644975,-1.2739465343929963,0.8001444655361271,-1.4339753963573165,-1.2562268533317045,0.24004330566659948
51.944,0.4016028134924151,-1.272813924286629,0.8032055744847173,-1.4334550085176272,-1.2610327937309123,0.2409616388718447
51.954,0.4031252863100121,-1.271687294304569,0.8062505209322589,-1.4329373682995177,-1.265813359006906,0.24187512332402628
51.964,0.40463958412925966,-1.2705667138218089,0.8092791173787398,-1.432422507577948,-1.2705682547847073,0.24278370277310865
51.974,0.4061456132001767,-1.2694522522133407,0.8122911763241476,-1.4319104582278785,-1.2752971866893354,0.24368732096905626
51.984,0.4076432797727823,-1.2683439788541557,0.8152865102684704,-1.43140125212427,-1.2799998603458123,0.24458592166183357
51.994,0.40913249009709535,-1.2672419631192462,0.8182649317116961,-1.430894921142082,-1.284675981379158,0.24547944860140505
52.004,0.4106131504231347,-1.266146274383604,0.8212262531538124,-1.4303914971562754,-1.2893252554143932,0.2463678455377352
52.014,0.41208516700091924,-1.2650569820222213,0.824170287094807,-1.4298910120418107,-1.293947388076539,0.24725105622078838
52.024,0.41354844608046804,-1.2639741554100903,0.8270968460346678,-1.4293934976736475,-1.298542084990616,0.24812902440052914
52.034,0.41500289391179995,-1.2628978639222026,0.8300057424733828,-1.4288989859267467,-1.3031090517816448,0.2490016938269219
52.044,0.4164484167449339,-1.2618281769335502,0.8328967889109397,-1.428407508676068,-1.3076479940746462,0.2498690082499311
52.054,0.41788492082988876,-1.2607651638191248,0.8357697978473264,-1.4279190977965721,-1.312158617494641,0.25073091141952125
52.064,0.4193123124166836,-1.259708893953919,0.8386245817825309,-1.4274337851632197,-1.3166406276666502,0.25158734708565667
52.074,0.4207304977553373,-1.2586594367129242,0.8414609532165406,-1.4269516026509705,-1.3210937302156933,0.252438258998302
52.084,0.4221393830958687,-1.2576168614711327,0.8442787246493438,-1.4264725821347852,-1.3255176307667922,0.2532835909074217
52.094,0.4235388746882969,-1.2565812376035366,0.847077708580928,-1.425996755489624,-1.3299120349449678,0.25412328656298006
52.104,0.4249288787826406,-1.2555526344851275,0.8498577175112813,-1.4255241545904471,-1.3342766483752402,0.2549572897149417
52.114,0.4263093016289189,-1.2545311214908976,0.8526185639403914,-1.4250548113122152,-1.33861117668263,0.2557855441132709
52.124,0.42768004947715077,-1.2535167679958388,0.8553600603682459,-1.4245887575298883,-1.3429153254921586,0.25660799350793234
52.134,0.42904102857735493,-1.252509643374943,0.858082019294833,-1.4241260251184267,-1.3471888004288464,0.2574245816488903
52.144,0.43039214517955054,-1.251509817003202,0.8607842532201403,-1.4236666459527907,-1.3514313071177135,0.25823525228610944
52.154,0.43173330553375633,-1.2505173582556082,0.8634665746441559,-1.4232106519079408,-1.3556425511837815,0.259039949169554
52.164,0.43306441588999134,-1.2495323365071533,0.8661287960668674,-1.4227580748588373,-1.3598222382520708,0.2598386160491884
52.174,0.4343853824982746,-1.2485548211328297,0.8687707299882629,-1.4223089466804402,-1.363970073947602,0.26063119667497736
52.184,0.43569611160862476,-1.2475848815076285,0.87139218890833,-1.4218632992477103,-1.368085763895396,0.261417634796885
52.194,0.4369965094710609,-1.2466225870065422,0.8739929853270566,-1.4214211644356078,-1.3721690137204736,0.2621978741648763
52.204,0.4382864823356019,-1.2456680070045631,0.8765729317444304,-1.4209825741190927,-1.376219529047855,0.2629718585289152
52.214,0.4395659364522669,-1.244721210876682,0.8791318406604393,-1.4205475601731254,-1.380237015502561,0.2637395316389664
52.224,0.44083477807107463,-1.2437822679978923,0.8816695245750714,-1.4201161544726666,-1.3842211787096135,0.2645008372449944
52.234,0.44209291344204404,-1.2428512477431852,0.8841857959883144,-1.4196883888926763,-1.3881717242940321,0.26525571909696355
52.244,0.4433402488151941,-1.241928219487553,0.886680467400156,-1.4192642953081147,-1.3920883578808376,0.2660041209448383
52.254,0.4445766904405437,-1.2410132526059876,0.8891533513105843,-1.4188439055939426,-1.395970785095051,0.26674598653858306
52.264,0.4458021445681118,-1.2401064164734803,0.8916042602195868,-1.41842725162512,-1.399818711561693,0.2674812596281625
52.274,0.4470165174479173,-1.239207780465024,0.8940330066271513,-1.418014365276607,-1.4036318429057837,0.2682098839635409
52.284,0.4482197153299792,-1.2383174139556103,0.8964394030332659,-1.4176052784233644,-1.4074098847523444,0.26893180329468275
52.294,0.44941164446431625,-1.2374353863202312,0.8988232619379184,-1.4172000229403519,-1.4111525427263962,0.26964696137155253
52.304,0.4505922111009476,-1.236561766933878,0.9011843958410967,-1.4167986307025306,-1.4148595224529592,0.2703553019441147
52.314,0.4517613214898922,-1.2356966251715436,0.9035226172427885,-1.4164011335848599,-1.4185305295570543,0.2710567687623337
52.324,0.45291888188116874,-1.234840030408219,0.9058377386429817,-1.416007563462301,-1.4221652696637028,0.271751305576174
52.334,0.45406479852479625,-1.2339920520188974,0.908129572541664,-1.415617952209814,-1.4257634483979242,0.27243885613560004
52.344,0.45519897767079365,-1.2331527593785703,0.9103979314388233,-1.4152323317023592,-1.4293247713847403,0.2731193641905765
52.354,0.4563213255691799,-1.232322221862229,0.9126426278344478,-1.4148507338148963,-1.432848944249171,0.2737927734910675
52.364,0.457431748469974,-1.2315005088448665,0.9148634742285249,-1.4144731904223862,-1.4363356726162375,0.2744590277870376
52.374,0.45853015262319485,-1.230687689701474,0.9170602831210424,-1.4140997333997893,-1.4397846621109605,0.27511807082845136
52.384,0.4596164442788613,-1.2298838338070441,0.9192328670119883,-1.4137303946220658,-1.4431956183583607,0.2757698463652731
52.394,0.46069052968699237,-1.2290890105365682,0.9213810384013507,-1.4133652059641761,-1.4465682469834584,0.2764142981474674
52.404,0.4617523150976069,-1.2283032892650387,0.923504609789117,-1.41300419930108,-1.4499022536112753,0.2770513699249986
52.414,0.46280170676072385,-1.2275267393674474,0.9256033936752751,-1.4126474065077386,-1.4531973438668317,0.2776810054478314
52.424,0.4638386109263622,-1.2267594302187856,0.9276772025598129,-1.412294859459112,-1.456453223375148,0.27830314846592996
52.434,0.46486293384454075,-1.2260014311940461,0.9297258489427183,-1.41194659003016,-1.4596695977612448,0.27891774272925896
52.444,0.46587458176527846,-1.2252528116682209,0.9317491453239791,-1.4116026300958433,-1.462846172650143,0.2795247319877826
52.454,0.46687346093859444,-1.2245136410163016,0.9337469042035832,-1.411263011531122,-1.4659826536668634,0.2801240599914656
52.464,0.46785947761450736,-1.2237839886132802,0.9357189380815186,-1.4109277662109567,-1.469078746436427,0.2807156704902723
52.474,0.4688325380430365,-1.223063923834149,0.9376650594577727,-1.410596926010308,-1.4721341565838544,0.2812995072341673
52.484,0.46979254847420043,-1.2223535160538994,0.9395850808323335,-1.4102705228041357,-1.475148589734166,0.28187551397311483
52.494,0.4707394151580182,-1.2216528346475242,0.9414788147051892,-1.4099485884674006,-1.4781217515123828,0.28244363445707954
52.504,0.4716730443445088,-1.2209619489900143,0.9433460735763273,-1.4096311548750617,-1.4810533475435252,0.2830038124360258
52.514,0.4725933422836911,-1.2202809284563625,0.9451866699457354,-1.409318253902081,-1.4839430834526144,0.28355599165991796
52.524,0.473500215225584,-1.2196098424215605,0.9470004163134017,-1.4090099174234179,-1.486790664864671,0.2841001158787207
52.534,0.47439356942020655,-1.2189487602606002,0.9487871251793139,-1.4087061773140328,-1.4895957974047151,0.2846361288423983
52.544,0.47527331111757753,-1.2182977513484736,0.9505466090434598,-1.4084070654488867,-1.4923581866977682,0.28516397430091533
52.554,0.476139346567716,-1.2176568850601728,0.9522786804058276,-1.408112613702939,-1.4950775383688508,0.28568359600423626
52.564,0.4769915820206409,-1.2170262307706894,0.9539831517664049,-1.4078228539511508,-1.497753558042984,0.2861949377023254
52.574,0.477829923726371,-1.2164058578550159,0.9556598356251793,-1.4075378180684817,-1.5003859513451876,0.28669794314514735
52.584,0.4786542779349254,-1.2157958356881442,0.9573085444821389,-1.4072575379298922,-1.502974423900483,0.2871925560826665
52.594,0.47946455089632295,-1.215196233645066,0.9589290908372715,-1.4069820454103428,-1.5055186813338906,0.2876787202648475
52.604,0.48026064886058256,-1.214607121100773,0.9605212871905647,-1.406711372384794,-1.5080184292704313,0.2881563794416545
52.614,0.4810424780777231,-1.2140285674302576,0.9620849460420065,-1.4064455507282059,-1.5104733733351254,0.28862547736305216
52.624,0.4818099447977636,-1.2134606420085117,0.9636198798915848,-1.4061846123155384,-1.5128832191529942,0.2890859577790049
52.634,0.48256295527072296,-1.2129034142105268,0.9651259012392874,-1.4059285890217526,-1.5152476723490582,0.2895377644394772
52.644,0.4833014157466202,-1.2123569534112961,0.9666028225851024,-1.4056775127218086,-1.5175664385483383,0.2899808410944334
52.654,0.484025232475474,-1.2118213289858104,0.9680504564290171,-1.4054314152906664,-1.519839223375855,0.290415131493838
52.664,0.4847343117073035,-1.2112966103090619,0.9694686152710198,-1.4051903286032865,-1.5220657324566291,0.2908405793876555
52.674,0.4854285596921276,-1.2107828667560427,0.970857111611098,-1.404954284534629,-1.5242456714156816,0.2912571285258504
52.684,0.4861078826799653,-1.210280167701745,0.9722157579492399,-1.4047233149596545,-1.5263787458780327,0.29166472265838705
52.694,0.48677218692083546,-1.2097885825211605,0.9735443667854329,-1.4044974517533235,-1.5284646614687034,0.2920633055352301
52.704,0.48742137866475693,-1.209308180589281,0.9748427506196651,-1.404276726790596,-1.530503123812714,0.29245282090634384
52.714,0.48805536416174866,-1.208839031281099,0.9761107219519244,-1.4040611719464327,-1.5324938385350857,0.29283321252169275
52.724,0.48867404966182953,-1.208381203971606,0.9773480932821985,-1.4038508190957935,-1.5344365112608391,0.2932044241312413
52.734,0.48927734141501866,-1.2079347680357941,0.9785546771104753,-1.4036457001136389,-1.5363308476149953,0.29356639948495394
52.744,0.48986514567133504,-1.2074997928486555,0.9797302859367426,-1.403445846874929,-1.5381765532225748,0.2939190823327952
52.754,0.49043736868079735,-1.2070763477851816,0.9808747322609881,-1.403251291254624,-1.5399733337085981,0.2942624164247295
52.764,0.4909939166934245,-1.2066645022203646,0.9819878285831998,-1.4030620651276848,-1.5417208946980854,0.2945963455107212
52.774,0.49153469595923555,-1.2062643255291965,0.9830693874033656,-1.4028782003690714,-1.543418941816058,0.2949208133407349
52.784,0.4920596127282494,-1.2058758870866695,0.9841192212214732,-1.4026997288537444,-1.545067180687537,0.295235763664735
52.794,0.492568573250485,-1.2054992562677755,0.9851371425375107,-1.4025266824566631,-1.5466653169375426,0.2955411402326859
52.804,0.49306148377596126,-1.2051345024475066,0.9861229638514656,-1.4023590930527892,-1.5482130561910956,0.29583688679455217
52.814,0.4935382505546971,-1.2047816950008545,0.9870764976633257,-1.4021969925170823,-1.5497101040732169,0.29612294710029824
52.824,0.49399877983671153,-1.2044409033028114,0.9879975564730791,-1.402040412724503,-1.551156166208927,0.2963992648998885
52.834,0.4944429778720233,-1.204112196728369,0.9888859527807136,-1.401889385550011,-1.5525509482232474,0.29666578394328763
52.844,0.4948707509106516,-1.2037956446525193,0.9897414990862168,-1.401743942868567,-1.5538941557411976,0.2969224479804597
52.854,0.49528200520261506,-1.2034913164502545,0.9905640078895768,-1.4016041165551318,-1.5551854943877987,0.2971692007613695
52.864,0.49567664699793273,-1.203199281496566,0.9913532916907813,-1.401469938484665,-1.5564246697880726,0.2974059860359813
52.874,0.49605458254662366,-1.2029196091664462,0.9921091629898183,-1.4013414405321274,-1.5576113875670379,0.2976327475542596
52.884,0.49641571809870666,-1.2026523688348874,0.9928314342866755,-1.401218654572479,-1.5587453533497169,0.2978494290661689
52.894,0.4967599599042007,-1.2023976298768806,0.9935199180813407,-1.40110161248068,-1.55982627276113,0.29805597432167374
52.904,0.49708721421312463,-1.2021554616674186,0.9941744268738018,-1.4009903461316915,-1.5608538514262977,0.2982523270707384
52.914,0.4973973872754975,-1.2019259335814934,0.9947947731640466,-1.4008848874004733,-1.5618277949702404,0.2984384310633275
52.924,0.4976903853413382,-1.2017091149940962,0.995380769452063,-1.4007852681619857,-1.5627478090179796,0.29861423004940535
52.934,0.4979661146606656,-1.20150507528022,0.9959322282378388,-1.4006915202911887,-1.5636135991945357,0.29877966777893644
52.944,0.4982244814834987,-1.201313883814856,0.9964489620213619,-1.4006036756630433,-1.5644248711249293,0.2989346880018854
52.954,0.4984653920598564,-1.2011356099729966,0.9969307833026199,-1.4005217661525093,-1.5651813304341813,0.2990792344682165
52.964,0.4986887526397576,-1.2009703231296331,0.9973775045816008,-1.4004458236345472,-1.565882682747312,0.29921325092789425
52.974,0.49889446947322125,-1.2008180926597585,0.9977889383582927,-1.4003758799841175,-1.566528633689343,0.2993366811308831
52.984,0.4990824488102663,-1.2006789879383637,0.998164897132683,-1.4003119670761799,-1.5671188888852943,0.2994494688271475
52.994,0.4992525969009116,-1.2005530783404412,0.9985051934047594,-1.4002541167856954,-1.5676531539601866,0.299551557766652
53.004,0.49940481999517616,-1.2004404332409835,0.9988096396745103,-1.4002023609876244,-1.5681311345390407,0.2996428916993609
53.014,0.49953902434307895,-1.2003411220149818,0.9990780484419234,-1.4001567315569265,-1.5685525362468773,0.29972341437523886
53.024,0.49965511619463887,-1.2002552140374276,0.9993102322069866,-1.4001172603685625,-1.5689170647087176,0.2997930695442502
53.034,0.4997530017998747,-1.200182778683314,0.9995060034696871,-1.4000839792974926,-1.569224425549582,0.29985180095635944
53.044,0.4998325874088056,-1.2001238853276324,0.9996651747300135,-1.4000569202186774,-1.569474324394491,0.29989955236153093
53.054,0.49989377927145034,-1.2000786033453752,0.9997875584879533,-1.4000361150070768,-1.5696664668684654,0.29993626750972924
53.064,0.4999364836378279,-1.200047002111534,0.9998729672434943,-1.4000215955376516,-1.5698005585965267,0.29996189015091884
53.074,0.4999587298397553,-1.2000300129067545,0.9999272470584469,-1.4000119990711117,-1.5698822318456531,0.29997523788508684
53.084,0.49995438590269453,-1.200030469009328,0.9999697868044761,-1.4000028364342265,-1.569930459082524,0.299972631530533
53.094,0.4999191102029623,-1.20005036472234,1.0000145324881085,-1.3999908838591102,-1.569958936783621,0.2999514661152299
53.104,0.4998504158383152,-1.2000908315919443,1.0000696730168626,-1.3999742530996908,-1.5699757525813403,0.29991024949912
53.114,0.4997469111009723,-1.2001524917149544,1.0001399977888632,-1.3999518445221708,-1.5699856821417342,0.29984814665829573
53.124,0.49960785098453125,-1.2002356663634433,1.0002282888259335,-1.3999230241604146,-1.5699915454478504,0.2997647105893649
53.134,0.49943287235328654,-1.2003404991754825,1.0003361428142654,-1.399887433020384,-1.569995007671479,0.2996597234111695
53.144,0.4992218375623603,-1.2004670288980408,1.0004644565112126,-1.399844874476316,-1.5699970520799091,0.2995331025369392
53.154,0.49897474211695375,-1.2006152323409418,1.0006137133731503,-1.3997952477792868,-1.5699982592826434,0.29938484526988757
53.164,0.4986916601460581,-1.2007850497407433,1.0007841528063586,-1.3997385087946905,-1.5699989721237857,0.29921499608746366
53.174,0.4983727122052265,-1.2009763997378546,1.0009758701079758,-1.399674646818109,-1.5699993930493519,0.29902362732303167
53.184,0.4980180462644323,-1.2011891882203762,1.0011888754801352,-1.399603670885315,-1.5699996416016897,0.2988108277585947
53.194,0.49762782648159026,-1.2014233135462977,1.0014231288772186,-1.399525601688467,-1.5699997883693597,0.29857669588891295
53.204,0.4972022265734323,-1.201678669627154,1.0016785605828151,-1.399440466802703,-1.5699998750342012,0.298321335944032
53.214,0.49674142590107667,-1.2019551477488917,1.0019550833602047,-1.3993482978674907,-1.5699999262089237,0.29804485554062693
53.224,0.4962456071585947,-1.2022526376470735,1.002252599627103,-1.3992491289222446,-1.569999956427086,0.2977473642951426
53.234,0.4957149550081341,-1.202571028141779,1.002571005692271,-1.399142995423524,-1.5699999742706083,0.29742897300486915
53.244,0.4951496552739711,-1.2029102075125,1.0029101942571945,-1.399029933664697,-1.5699999848070298,0.29708979316437306
53.254,0.49454989446660763,-1.2032700637195195,1.0032700558932985,-1.3989099804332603,-1.5699999910286817,0.29672993667995606
53.264,0.49391585950175504,-1.2036504845346303,1.0036504799142283,-1.3987831728084865,-1.5699999947025047,0.29634951570104506
53.274,0.4932477375343969,-1.2040513576183227,1.0040513548909247,-1.3986495480419416,-1.5699999968718608,0.29594864252063047
53.284,0.4925457158608039,-1.2044725705653647,1.0044725689557665,-1.3985091434869272,-1.5699999981528443,0.295527429516475
53.294,0.4918099818606765,-1.2049140109317165,1.0049140099821676,-1.3983619965568193,-1.5699999989092521,0.29508598911639866
53.304,0.49104072296297874,-1.2053755662504209,1.005375565690624,-1.3982081447004675,-1.5699999993559037,0.2946244337777801
53.314,0.49023812662576466,-1.2058571240409903,1.0058571237113378,-1.3980476253876677,-1.569999999619647,0.2941428759754517
53.324,0.4894023803242656,-1.2063585718149465,1.0063585716211914,-1.3978804761005856,-1.569999999775385,0.29364142819455236
53.334,0.48853367154385585,-1.206879797079092,1.006879796965583,-1.3977067343286893,-1.569999999867347,0.29312020292630664
53.344,0.48763218777589923,-1.2074206873374456,1.0074206872713198,-1.3975264375657594,-1.5699999999216496,0.2925793126655328
53.354,0.486698116515296,-1.2079811300923782,1.0079811300542318,-1.397339623308125,-1.5699999999537149,0.2920188699091709
53.364,0.48573164525903484,-1.2085610128452913,1.0085610128236657,-1.397146329053617,-1.5699999999726497,0.2914389871554143
53.374,0.48473296150533773,-1.2091602230970115,1.0091602230851406,-1.3969465923009554,-1.5699999999838303,0.290839776903196
53.384,0.48370225275315454,-1.2097786483480275,1.0097786483419162,-1.3967404505493837,-1.5699999999904326,0.2902213516518862
53.394,0.4826397065018654,-1.2104161760986278,1.010416176095917,-1.396527941298456,-1.5699999999943313,0.2895838239011127
53.404,0.48154551025110426,-1.2110726938489824,1.0110726938482788,-1.3963091020479081,-1.5699999999966336,0.288927306150656
53.414,0.4804198515006547,-1.211748089099192,1.0117480890996733,-1.3960839702975851,-1.5699999999979932,0.2882519109003863
53.424,0.4792629177503892,-1.212442249349316,1.012442249350496,-1.3958525835473947,-1.5699999999987964,0.28755775065022715
53.434,0.4780748965002324,-1.2131550620993892,1.0131550621009817,-1.3956149792972823,-1.5699999999992706,0.28684493790013316
53.444,0.4768559752501398,-1.2138864148494326,1.013886414851268,-1.395371195047216,-1.5699999999995509,0.2861135851500776
53.454,0.47560634150008513,-1.2146361950994589,1.0146361951014367,-1.3951212682971772,-1.5699999999997167,0.2853638049000448
53.464,0.4743261827500528,-1.2154042903494742,1.0154042903515357,-1.3948652365471548,-1.5699999999998147,0.28459570965002545
53.474,0.4730156865000336,-1.2161905880994834,1.0161905881015938,-1.3946031372971415,-1.5699999999998726,0.2838094119000141
53.484,0.4716750402500223,-1.2169949758494896,1.0169949758516275,-1.394335008047134,-1.569999999999907,0.28300502415000733
53.494,0.4703044315000156,-1.2178173410994935,1.0178173411016471,-1.3940608862971295,-1.569999999999928,0.28218265890000327
53.504,0.4689040477500116,-1.2186575713494958,1.0186575713516581,-1.3937808095471276,-1.5699999999999397,0.2813424286500009
53.514,0.46747407650000916,-1.2195155540994975,1.0195155541016643,-1.3934948152971265,-1.569999999999947,0.2804844458999995
53.524,0.46601470525000777,-1.2203911768494984,1.0203911768516676,-1.3932029410471263,-1.5699999999999514,0.2796088231499988
53.534,0.4645261215000069,-1.2212843270994997,1.0212843271016692,-1.3929052242971263,-1.5699999999999543,0.27871567289999827
53.544,0.46300851275000643,-1.2221948923495007,1.0221948923516693,-1.392601702547127,-1.5699999999999563,0.27780510764999805
53.554,0.46146206650000615,-1.2231227600995014,1.0231227601016688,-1.3922924132971273,-1.5699999999999574,0.27687723989999796
53.564,0.45988697025000586,-1.2240678178495021,1.0240678178516684,-1.3919773940471276,-1.5699999999999579,0.2759321821499978
53.574,0.45828341150000573,-1.2250299530995028,1.0250299531016673,-1.3916566822971284,-1.5699999999999583,0.2749700468999978
53.584,0.45665157775000564,-1.2260090533495036,1.026009053351666,-1.3913303155471286,-1.569999999999959,0.2739909466499978
53.594,0.45499165650000556,-1.2270050060995044,1.0270050061016647,-1.3909983312971295,-1.5699999999999599,0.2729949938999977
53.604,0.45330383525000545,-1.228017698849505,1.0280176988516632,-1.3906607670471303,-1.5699999999999605,0.27198230114999766
53.614,0.45158830150000534,-1.2290470190995055,1.0290470191016619,-1.390317660297131,-1.5699999999999612,0.2709529808999976
53.624,0.44984524275000526,-1.2300928543495064,1.0300928543516605,-1.3899690485471314,-1.569999999999962,0.2699071456499976
53.634,0.44807484650000523,-1.2311550920995074,1.0311550921016592,-1.3896149692971325,-1.5699999999999628,0.26884490789999765
53.644,0.44627730025000517,-1.232233619849508,1.032233619851658,-1.3892554600471336,-1.569999999999963,0.2677663801499977
53.654,0.4444527915000051,-1.2333283250995088,1.0333283251016563,-1.388890558297134,-1.5699999999999632,0.26667167489999777
53.664,0.442601507750005,-1.2344390953495097,1.034439095351655,-1.388520301547135,-1.5699999999999632,0.26556090464999776
53.674,0.4407236365000049,-1.2355658180995106,1.035565818101654,-1.3881447272971357,-1.5699999999999632,0.2644341818999978
53.684,0.4388193652500048,-1.2367083808495114,1.0367083808516528,-1.3877638730471369,-1.5699999999999634,0.2632916191499978
53.694,0.43688888150000477,-1.2378666710995123,1.0378666711016513,-1.3873777762971378,-1.5699999999999634,0.26213332889999785
53.704,0.4349323727500048,-1.2390405763495131,1.0390405763516495,-1.3869864745471387,-1.5699999999999636,0.2609594236499979
53.714,0.43295002650000464,-1.2402299840995141,1.0402299841016478,-1.3865900052971396,-1.5699999999999643,0.25977001589999793
53.724,0.43094203025000466,-1.2414347818495148,1.0414347818516467,-1.3861884060471408,-1.569999999999965,0.258565218149998
53.734,0.42890857150000455,-1.2426548570995157,1.0426548571016452,-1.3857817142971414,-1.5699999999999656,0.25734514289999794
53.744,0.4268498377500045,-1.2438900973495166,1.0438900973516434,-1.3853699675471423,-1.5699999999999665,0.256109902649998
53.754,0.4247660165000044,-1.2451403900995175,1.0451403901016416,-1.384953203297143,-1.5699999999999672,0.254859609899998
53.764,0.4226572952500043,-1.2464056228495184,1.04640562285164,-1.3845314590471434,-1.5699999999999679,0.253594377149998
53.774,0.4205238615000042,-1.2476856830995193,1.0476856831016383,-1.3841047722971445,-1.5699999999999688,0.25231431689999806
53.784,0.4183659027500042,-1.2489804583495203,1.048980458351637,-1.3836731805471454,-1.5699999999999688,0.25101954164999807
53.794,0.4161836065000042,-1.2502898360995212,1.050289836101635,-1.3832367212971466,-1.569999999999969,0.2497101638999981
53.804,0.4139771602500041,-1.251613703849522,1.051613703851633,-1.3827954320471476,-1.569999999999969,0.24838629614999808
53.814,0.4117467515000041,-1.2529519490995231,1.0529519491016315,-1.3823493502971484,-1.5699999999999692,0.2470480508999981
53.824,0.409492567750004,-1.254304459349524,1.05430445935163,-1.3818985135471495,-1.5699999999999692,0.2456955406499981
53.834,0.40721479650000375,-1.2556711220995251,1.0556711221016282,-1.38144295929715,-1.5699999999999694,0.2443288778999981
53.844,0.40491362525000374,-1.2570518248495262,1.0570518248516265,-1.3809827250471511,-1.5699999999999694,0.2429481751499981
53.854,0.4025892415000037,-1.2584464550995271,1.0584464551016248,-1.3805178482971523,-1.56999999999997,0.2415535448999981
53.864,0.4002418327500037,-1.259854900349528,1.059854900351623,-1.3800483665471535,-1.569999999999971,0.2401450996499981
53.874,0.3978715865000037,-1.261277048099529,1.0612770481016214,-1.3795743172971544,-1.5699999999999716,0.23872295189999812
53.884,0.39547869025000365,-1.26271278584953,1.0627127858516194,-1.3790957380471556,-1.5699999999999725,0.23728721414999812
53.894,0.39306333150000355,-1.2641620010995311,1.0641620011016175,-1.3786126662971567,-1.5699999999999732,0.23583799889999815
53.904,0.3906256977500035,-1.2656245813495324,1.0656245813516159,-1.3781251395471579,-1.5699999999999739,0.23437541864999817
53.914,0.38816597650000345,-1.2671004140995332,1.067100414101614,-1.377633195297159,-1.5699999999999747,0.23289958589999818
53.924,0.38568435525000333,-1.2685893868495344,1.0685893868516123,-1.37713687104716,-1.5699999999999747,0.23141061314999822
53.934,0.3831810215000032,-1.2700913870995354,1.0700913871016102,-1.376636204297161,-1.569999999999975,0.22990861289999825
53.944,0.38065616275000314,-1.2716063023495363,1.0716063023516085,-1.3761312325471622,-1.569999999999975,0.22839369764999828
53.954,0.378109966500003,-1.2731340200995378,1.0731340201016064,-1.3756219932971632,-1.5699999999999752,0.22686597989999832
53.964,0.375542620250003,-1.274674427849539,1.0746744278516045,-1.375108524047164,-1.5699999999999752,0.2253255721499983
53.974,0.37295431150000297,-1.2762274130995401,1.0762274131016025,-1.3745908622971654,-1.5699999999999754,0.22377258689999832
53.984,0.3703452277500029,-1.277792863349541,1.0777928633516007,-1.3740690455471665,-1.5699999999999754,0.22220713664999833
53.994,0.3677155565000028,-1.279370666099542,1.0793706661015987,-1.3735431112971677,-1.569999999999976,0.22062933389999834
54.004,0.36506548525000276,-1.280960708849543,1.080960708851597,-1.3730130970471688,-1.569999999999977,0.21903929114999837
54.014,0.3623952015000027,-1.2825628790995438,1.0825628791015949,-1.3724790402971698,-1.5699999999999776,0.2174371208999984
54.024,0.3597048927500026,-1.2841770643495451,1.0841770643515927,-1.371940978547171,-1.5699999999999783,0.21582293564999838
54.034,0.3569947465000025,-1.2858031520995463,1.0858031521015907,-1.371398949297172,-1.5699999999999792,0.2141968478999984
54.044,0.35426495025000243,-1.2874410298495473,1.0874410298515889,-1.3708529900471735,-1.5699999999999799,0.21255897014999842
54.054,0.35151569150000234,-1.2890905850995487,1.0890905851015866,-1.3703031382971746,-1.5699999999999805,0.21090941489999845
54.064,0.3487471577500023,-1.2907517053495496,1.0907517053515845,-1.3697494315471759,-1.5699999999999807,0.20924829464999847
54.074,0.34595953650000233,-1.2924242780995507,1.0924242781015827,-1.369191907297177,-1.5699999999999807,0.20757572189999846
54.084,0.34315301525000225,-1.2941081908495518,1.0941081908515806,-1.3686306030471782,-1.569999999999981,0.20589180914999847
54.094,0.34032778150000215,-1.2958033310995531,1.0958033311015782,-1.3680655562971793,-1.569999999999981,0.2041966688999985
54.104,0.3374840227500021,-1.297509586349554,1.0975095863515762,-1.3674968045471807,-1.5699999999999812,0.2024904136499985
54.114,0.334621926500002,-1.2992268440995554,1.0992268441015742,-1.3669243852971822,-1.5699999999999812,0.20077315589999847
54.124,0.33174168025000195,-1.3009549918495567,1.100954991851572,-1.3663483360471835,-1.5699999999999814,0.19904500814999848
54.134,0.3288434715000019,-1.302693917099558,1.1026939171015697,-1.3657686942971845,-1.569999999999982,0.19730608289999854
54.144,0.3259274877500018,-1.3044435073495588,1.104443507351568,-1.365185497547186,-1.5699999999999827,0.19555649264999853
54.154,0.3229939165000017,-1.3062036500995606,1.1062036501015655,-1.3645987832971866,-1.5699999999999834,0.19379634989999858
54.164,0.3200429452500016,-1.3079742328495616,1.1079742328515634,-1.364008589047188,-1.569999999999984,0.19202576714999858
54.174,0.3170747615000015,-1.3097551430995626,1.1097551431015613,-1.3634149522971892,-1.569999999999985,0.19024485689999862
54.184,0.3140895527500015,-1.3115462683495638,1.1115462683515598,-1.3628179105471907,-1.5699999999999856,0.18845373164999862
54.194,0.31108750650000144,-1.313347496099565,1.113347496101557,-1.3622175012971922,-1.5699999999999863,0.18665250389999868
54.204,0.3080688102500014,-1.3151587138495668,1.1151587138515544,-1.3616137620471933,-1.5699999999999867,0.18484128614999867
54.214,0.30503365150000133,-1.3169798090995677,1.1169798091015524,-1.3610067302971949,-1.5699999999999867,0.18302019089999869
54.224,0.3019822177500013,-1.318810669349569,1.1188106693515505,-1.3603964435471965,-1.569999999999987,0.1811893306499987
54.234,0.29891469650000124,-1.32065118209957,1.1206511821015483,-1.3597829392971978,-1.569999999999987,0.17934881789999874
54.244,0.2958312752500012,-1.3225012348495713,1.1225012348515464,-1.359166255047199,-1.5699999999999872,0.17749876514999874
54.254,0.29273214150000104,-1.3243607150995724,1.1243607151015442,-1.3585464282972004,-1.5699999999999872,0.17563928489999875
54.264,0.28961748275000093,-1.3262295103495736,1.126229510351542,-1.357923496547202,-1.5699999999999874,0.17377048964999878
54.274,0.2864874865000009,-1.3281075080995748,1.1281075081015397,-1.3572974972972032,-1.5699999999999876,0.17189249189999878
54.284,0.2833423402500008,-1.329994595849576,1.1299945958515376,-1.3566684680472048,-1.5699999999999883,0.1700054041499988
54.294,0.2801822315000007,-1.3318906610995775,1.1318906611015354,-1.356036446297206,-1.569999999999989,0.16810933889999882
54.304,0.27700734775000063,-1.333795591349579,1.133795591351533,-1.3554014695472072,-1.5699999999999896,0.16620440864999883
54.314,0.2738178765000006,-1.3357092740995802,1.1357092741015309,-1.3547635752972085,-1.5699999999999905,0.16429072589999882
54.324,0.2706140052500005,-1.3376315968495818,1.1376315968515285,-1.3541228010472095,-1.5699999999999912,0.16236840314999887
54.334,0.26739592150000047,-1.3395624470995833,1.139562447101526,-1.3534791842972116,-1.5699999999999918,0.16043755289999886
54.344,0.26416381275000034,-1.3415017123495845,1.1415017123515234,-1.352832762547213,-1.5699999999999925,0.15849828764999882
54.354,0.2609178665000003,-1.3434492800995854,1.1434492801015215,-1.352183573297214,-1.5699999999999927,0.15655071989999877
54.364,0.25765827025000027,-1.3454050378495868,1.145405037851519,-1.3515316540472153,-1.5699999999999927,0.15459496214999877
54.374,0.2543852115000003,-1.347368873099588,1.1473688731015168,-1.3508770422972163,-1.5699999999999927,0.15263112689999886
54.384,0.25109887775000017,-1.3493406733495894,1.1493406733515146,-1.350219775547218,-1.569999999999993,0.1506593266499989
54.394,0.24779945650000004,-1.3513203260995907,1.1513203261015124,-1.3495598912972198,-1.569999999999993,0.14867967389999892
54.404,0.24448713525,-1.3533077188495921,1.15330771885151,-1.3488974270472212,-1.5699999999999932,0.14669228114999897
54.414,0.24116210149999992,-1.3553027390995933,1.1553027391015076,-1.3482324202972227,-1.5699999999999932,0.14469726089999896
54.424,0.23782454274999987,-1.3573052743495946,1.1573052743515053,-1.3475649085472243,-1.5699999999999936,0.142694725649999
54.434,0.2344746464999998,-1.359315212099596,1.1593152121015031,-1.3468949292972254,-1.5699999999999943,0.14068478789999903
54.444,0.23111260024999977,-1.361332439849597,1.1613324398515008,-1.346222520047227,-1.569999999999995,0.13866756014999904
54.454,0.22773859149999973,-1.3633568450995985,1.1633568451014984,-1.3455477182972284,-1.5699999999999956,0.13664315489999906
54.464,0.22435280774999963,-1.3653883153495996,1.165388315351496,-1.3448705615472298,-1.5699999999999963,0.13461168464999906
54.474,0.22095543649999957,-1.3674267380996012,1.1674267381014936,-1.3441910872972316,-1.569999999999997,0.13257326189999907
54.484,0.21754666524999952,-1.3694720008496026,1.1694720008514912,-1.343509333047233,-1.5699999999999976,0.13052799914999907
54.494,0.21412668149999947,-1.371523991099604,1.171523991101489,-1.3428253362972344,-1.5699999999999983,0.1284760088999991
54.504,0.2106956727499994,-1.3735825963496053,1.1735825963514865,-1.342139134547236,-1.5699999999999985,0.12641740364999915
54.514,0.2072538264999993,-1.3756477040996067,1.1756477041014843,-1.341450765297237,-1.5699999999999985,0.12435229589999916
54.524,0.20380133024999925,-1.377719201849608,1.177719201851482,-1.3407602660472386,-1.5699999999999985,0.12228079814999919
54.534,0.20033837149999917,-1.3797969770996095,1.1797969771014796,-1.3400676742972402,-1.5699999999999987,0.12020302289999919
54.544,0.19686513774999911,-1.3818809173496107,1.1818809173514773,-1.3393730275472417,-1.5699999999999987,0.1181190826499992
54.554,0.19338181649999908,-1.383970910099612,1.1839709101014748,-1.3386763632972432,-1.5699999999999987,0.11602908989999919
54.564,0.18988859524999901,-1.3860668428496135,1.1860668428514725,-1.3379777190472448,-1.569999999999999,0.11393315714999921
54.574,0.18638566149999894,-1.3881686030996148,1.1881686031014698,-1.3372771322972463,-1.569999999999999,0.11183139689999924
54.584,0.18287320274999885,-1.390276078349616,1.1902760783514674,-1.3365746405472483,-1.5699999999999996,0.10972392164999925
54.594,0.1793514064999988,-1.3923891560996173,1.192389156101465,-1.3358702812972496,-1.5700000000000003,0.10761084389999927
54.604,0.17582046024999876,-1.3945077238496186,1.1945077238514625,-1.335164092047251,-1.570000000000001,0.10549227614999926
54.614,0.17228055149999869,-1.39663166909962,1.1966316691014605,-1.3344561102972525,-1.5700000000000016,0.10336833089999926
54.624,0.16873186774999863,-1.3987608793496216,1.1987608793514581,-1.3337463735472541,-1.570000000000002,0.10123912064999929
54.634,0.16517459649999858,-1.400895242099623,1.2008952421014556,-1.3330349192972557,-1.5700000000000027,0.09910475789999933
54.644,0.16160892524999848,-1.4030346448496243,1.2030346448514533,-1.3323217850472573,-1.5700000000000034,0.09696535514999935
54.654,0.1580350414999984,-1.4051789750996255,1.205178975101451,-1.3316070082972586,-1.570000000000004,0.09482102489999934
54.664,0.15445313274999836,-1.4073281203496268,1.2073281203514488,-1.3308906265472602,-1.570000000000004,0.09267187964999934
54.674,0.15086338649999828,-1.4094819680996284,1.2094819681014461,-1.330172677297262,-1.570000000000004,0.09051803189999937
54.684,0.14726599024999823,-1.4116404058496297,1.2116404058514438,-1.3294531980472635,-1.570000000000004,0.08835959414999939
54.694,0.1436611314999982,-1.413803321099631,1.2138033211014412,-1.3287322262972645,-1.5700000000000043,0.08619667889999942
54.704,0.14004899774999818,-1.4159706013496323,1.2159706013514389,-1.3280097995472662,-1.5700000000000043,0.08402939864999943
54.714,0.13642977649999813,-1.4181421340996336,1.2181421341014367,-1.327285955297268,-1.5700000000000043,0.08185786589999945
54.724,0.13280365524999804,-1.420317806849635,1.2203178068514342,-1.32656073104727,-1.5700000000000045,0.07968219314999947
54.734,0.129170821499998,-1.4224975070996364,1.222497507101432,-1.3258341642972715,-1.5700000000000045,0.07750249289999948
54.744,0.12553146274999796,-1.4246811223496378,1.2246811223514296,-1.325106292547273,-1.570000000000005,0.07531887764999952
54.754,0.12188576649999791,-1.4268685400996393,1.226868540101427,-1.3243771532972746,-1.5700000000000056,0.07313145989999952
54.764,0.11823392024999786,-1.4290596478496405,1.2290596478514249,-1.323646784047276,-1.5700000000000063,0.07094035214999954
54.774,0.1145761114999978,-1.431254333099642,1.231254333101422,-1.3229152222972775,-1.5700000000000067,0.06874566689999956
54.784,0.11091252774999776,-1.4334524833496434,1.23345248335142,-1.3221825055472793,-1.5700000000000074,0.06654751664999956
54.794,0.1072433564999977,-1.4356539860996447,1.2356539861014177,-1.3214486712972813,-1.570000000000008,0.06434601389999958
54.804,0.10356878524999764,-1.4378587288496458,1.2378587288514151,-1.320713757047283,-1.5700000000000085,0.062141271149999594
54.814,0.09988900149999758,-1.4400665990996475,1.2400665991014126,-1.3199778002972846,-1.5700000000000092,0.059933400899999614
54.824,0.09620419274999753,-1.4422774843496489,1.2422774843514106,-1.319240838547286,-1.5700000000000094,0.05772251564999963
54.834,0.09251454649999745,-1.4444912720996501,1.244491272101408,-1.3185029092972873,-1.5700000000000094,0.05550872789999964
54.844,0.08882025024999742,-1.4467078498496515,1.2467078498514057,-1.317764050047289,-1.5700000000000094,0.05329215014999966
54.854,0.08512149149999737,-1.448927105099653,1.248927105101403,-1.3170242982972906,-1.5700000000000094,0.05107289489999967
54.864,0.08141845774999734,-1.4511489253496543,1.2511489253514008,-1.316283691547292,-1.5700000000000096,0.04885107464999968
54.874,0.07771133649999727,-1.4533731980996558,1.2533731981013985,-1.3155422672972934,-1.5700000000000096,0.0466268018999997
54.884,0.07400031524999721,-1.4555998108496568,1.2555998108513966,-1.3148000630472954,-1.5700000000000096,0.044400189149999714
54.894,0.07028558149999717,-1.4578286510996579,1.257828651101394,-1.3140571162972972,-1.5700000000000096,0.04217134889999972
54.904,0.06656732274999712,-1.4600596063496594,1.2600596063513916,-1.3133134645472988,-1.5700000000000096,0.03994039364999973
54.914,0.06284572649999705,-1.4622925640996607,1.2622925641013893,-1.3125691452973003,-1.5700000000000103,0.03770743589999976
54.924,0.05912098024999699,-1.464527411849662,1.264527411851387,-1.311824196047302,-1.5700000000000107,0.03547258814999976
54.934,0.05539327149999694,-1.4667640370996633,1.2667640371013844,-1.3110786542973036,-1.5700000000000112,0.03323596289999978
54.944,0.051662787749996913,-1.4690023273496648,1.2690023273513822,-1.3103325575473053,-1.5700000000000118,0.0309976726499998
54.954,0.04792971649999688,-1.471242170099666,1.27124217010138,-1.309585943297307,-1.5700000000000123,0.02875782989999983
54.964,0.04419424524999686,-1.4734834528496676,1.2734834528513779,-1.3088388490473086,-1.570000000000013,0.026516547149999858
54.974,0.04045656149999682,-1.4757260630996691,1.2757260631013754,-1.30809131229731,-1.5700000000000134,0.024273936899999873
54.984,0.03671685274999677,-1.4779698883496706,1.277969888351373,-1.3073433705473112,-1.5700000000000138,0.02203011164999989
54.994,0.032975306499996714,-1.4802148160996722,1.2802148161013704,-1.3065950612973132,-1.5700000000000143,0.019785183899999913
55.004,0.029232110249996692,-1.4824607338496734,1.2824607338513678,-1.3058464220473152,-1.5700000000000143,0.01753926614999992
55.014,0.02548745149999665,-1.4847075290996743,1.2847075291013659,-1.3050974902973165,-1.5700000000000143,0.015292470899999938
55.024,0.02174151774999661,-1.486955089349676,1.2869550893513635,-1.304348303547318,-1.5700000000000143,0.013044910649999955
55.034,0.017994496499996564,-1.4892033020996773,1.289203302101361,-1.3035988992973198,-1.5700000000000143,0.010796697899999971
55.044,0.014246575249996514,-1.4914520548496786,1.2914520548513586,-1.3028493150473217,-1.5700000000000143,0.008547945149999975
55.054,0.010497941499996475,-1.4937012350996797,1.2937012351013566,-1.3020995882973234,-1.5700000000000145,0.006298764899999993
55.064,0.006748782749996424,-1.4959507303496815,1.295950730351354,-1.3013497565473249,-1.5700000000000145,0.004049269650000001
55.074,0.002999286499996423,-1.4982004280996828,1.2982004281013517,-1.3005998572973265,-1.5700000000000145,0.0017995719000000344
55.084,-0.0007503597500036177,-1.5004502158496844,1.3004502158513493,-1.2998499280473277,-1.5700000000000145,-0.00045021584999995574
55.094,-0.004499968500003651,-1.5026999810996855,1.302699981101347,-1.2991000062973295,-1.570000000000015,-0.002699981099999929
55.104,-0.008249352250003695,-1.504949611349687,1.3049496113513448,-1.298350129547331,-1.5700000000000154,-0.004949611349999912
55.114,-0.011998323500003736,-1.5071989940996888,1.3071989941013427,-1.2976003352973329,-1.5700000000000158,-0.007198994099999894
55.124,-0.015746694750003756,-1.5094480168496898,1.309448016851341,-1.296850661047335,-1.5700000000000163,-0.009448016849999878
55.134,-0.019494278500003796,-1.5116965670996911,1.3116965671013383,-1.2961011442973365,-1.5700000000000167,-0.011696567099999854
55.144,-0.02324088725000386,-1.5139445323496923,1.3139445323513361,-1.295351822547338,-1.5700000000000172,-0.01394453234999984
55.154,-0.0269863335000039,-1.5161918000996937,1.316191800101334,-1.2946027332973395,-1.5700000000000176,-0.016191800099999827
55.164,-0.030730429750003944,-1.5184382578496947,1.3184382578513318,-1.2938539140473413,-1.570000000000018,-0.018438257849999827
55.174,-0.034472988500003986,-1.5206837930996961,1.320683793101329,-1.2931054022973432,-1.5700000000000185,-0.020683793099999823
55.184,-0.038213822250004026,-1.5229282933496977,1.3229282933513267,-1.2923572355473447,-1.5700000000000187,-0.022928293349999813
55.194,-0.041952743500004046,-1.5251716460996991,1.3251716461013243,-1.2916094512973462,-1.5700000000000187,-0.0251716460999998
55.204,-0.04568956475000409,-1.5274137388497,1.3274137388513225,-1.2908620870473477,-1.5700000000000187,-0.027413738849999775
55.214,-0.049424098500004156,-1.5296544590997014,1.3296544591013204,-1.2901151802973494,-1.5700000000000187,-0.02965445909999976
55.224,-0.05315615725000417,-1.5318936943497028,1.3318936943513184,-1.289368768547351,-1.5700000000000187,-0.031893694349999745
55.234,-0.056885553500004196,-1.5341313320997039,1.3341313321013162,-1.2886228892973526,-1.5700000000000187,-0.034131332099999724
55.244,-0.060612099750004235,-1.5363672598497051,1.3363672598513137,-1.287877580047354,-1.5700000000000187,-0.036367259849999715
55.254,-0.06433560850000428,-1.5386013650997064,1.3386013651013118,-1.287132878297356,-1.5700000000000187,-0.038601365099999695
55.264,-0.06805589225000432,-1.5408335353497076,1.3408335353513097,-1.2863888215473576,-1.5700000000000187,-0.040833535349999686
55.274,-0.07177276350000433,-1.543063658099709,1.3430636581013073,-1.285645447297359,-1.5700000000000187,-0.04306365809999968
55.284,-0.0754860347500044,-1.5452916208497105,1.3452916208513053,-1.2849027930473607,-1.570000000000019,-0.045291620849999686
55.294,-0.07919551850000443,-1.547517311099712,1.347517311101303,-1.2841608962973623,-1.5700000000000192,-0.04751731109999966
55.304,-0.08290102725000446,-1.5497406163497132,1.349740616351301,-1.283419794547364,-1.5700000000000196,-0.049740616349999656
55.314,-0.0866023735000045,-1.5519614240997148,1.3519614241012985,-1.2826795252973657,-1.57000000000002,-0.051961424099999626
55.324,-0.0902993697500045,-1.5541796218497161,1.3541796218512958,-1.2819401260473673,-1.5700000000000205,-0.05417962184999957
55.334,-0.09399182850000451,-1.5563950970997171,1.356395097101294,-1.2812016342973689,-1.570000000000021,-0.05639509709999955
55.344,-0.09767956225000451,-1.5586077373497182,1.358607737351292,-1.2804640875473705,-1.5700000000000212,-0.05860773734999955
55.354,-0.10136238350000454,-1.5608174300997195,1.3608174301012899,-1.2797275232973724,-1.5700000000000216,-0.060817430099999535
55.364,-0.10504010475000455,-1.5630240628497212,1.3630240628512877,-1.2789919790473738,-1.570000000000022,-0.06302406284999952
55.374,-0.10871253850000456,-1.5652275230997224,1.3652275231012856,-1.2782574922973757,-1.5700000000000225,-0.06522752309999949
55.384,-0.11237949725000458,-1.5674276983497233,1.3674276983512834,-1.2775241005473772,-1.5700000000000227,-0.06742769834999951
55.394,-0.11604079350000464,-1.5696244760997247,1.369624476101281,-1.2767918412973789,-1.5700000000000227,-0.06962447609999949
55.404,-0.11969623975000464,-1.5718177438497258,1.3718177438512793,-1.2760607520473806,-1.5700000000000227,-0.07181774384999945
55.414,-0.1233456485000047,-1.574007389099727,1.3740073891012772,-1.2753308702973822,-1.5700000000000227,-0.07400738909999945
55.424,-0.12698883225000468,-1.5761932993497285,1.3761932993512747,-1.274602233547384,-1.5700000000000227,-0.07619329934999942
55.434,-0.1306256035000047,-1.5783753620997296,1.3783753621012726,-1.2738748792973853,-1.5700000000000227,-0.0783753620999994
55.444,-0.13425577475000472,-1.580553464849731,1.3805534648512707,-1.273148845047387,-1.5700000000000227,-0.0805534648499994
55.454,-0.1378791585000048,-1.5827274950997323,1.3827274951012685,-1.2724241682973882,-1.5700000000000227,-0.08272749509999941
55.464,-0.14149556725000478,-1.5848973403497335,1.3848973403512668,-1.27170088654739,-1.5700000000000227,-0.0848973403499994
55.474,-0.14510481350000481,-1.5870628880997348,1.3870628881012648,-1.2709790372973917,-1.5700000000000227,-0.08706288809999939
55.484,-0.14870670975000486,-1.5892240258497363,1.3892240258512625,-1.2702586580473934,-1.5700000000000227,-0.08922402584999935
55.494,-0.15230106850000485,-1.5913806410997375,1.3913806411012604,-1.269539786297395,-1.5700000000000227,-0.09138064109999934
55.504,-0.15588770225000487,-1.5935326213497385,1.3935326213512584,-1.2688224595473965,-1.5700000000000227,-0.09353262134999933
55.514,-0.15946642350000487,-1.5956798540997397,1.3956798541012567,-1.2681067152973982,-1.570000000000023,-0.09567985409999932
55.524,-0.16303704475000486,-1.5978222268497408,1.3978222268512543,-1.2673925910473995,-1.5700000000000234,-0.09782222684999928
55.534,-0.1665993785000049,-1.5999596270997423,1.3999596271012527,-1.266680124297401,-1.5700000000000236,-0.09995962709999927
55.544,-0.17015323725000495,-1.6020919423497437,1.4020919423512508,-1.2659693525474027,-1.5700000000000238,-0.10209194234999926
55.554,-0.17369843350000494,-1.604219060099745,1.4042190601012488,-1.265260313297404,-1.5700000000000243,-0.10421906009999926
55.564,-0.17723477975000498,-1.6063408678497462,1.4063408678512466,-1.2645530440474053,-1.5700000000000245,-0.10634086784999924
55.574,-0.18076208850000494,-1.6084572530997472,1.4084572531012443,-1.263847582297407,-1.570000000000025,-0.1084572530999992
55.584,-0.18428017225000495,-1.6105681033497483,1.4105681033512423,-1.2631439655474084,-1.5700000000000252,-0.11056810334999917
55.594,-0.18778884350000496,-1.6126733060997496,1.4126733061012402,-1.2624422312974102,-1.5700000000000256,-0.11267330609999915
55.604,-0.191287914750005,-1.614772748849751,1.4147727488512385,-1.2617424170474116,-1.5700000000000256,-0.11477274884999913
55.614,-0.19477719850000497,-1.616866319099752,1.4168663191012363,-1.2610445602974134,-1.5700000000000258,-0.11686631909999912
55.624,-0.19825650725000502,-1.6189539043497534,1.418953904351235,-1.2603486985474148,-1.5700000000000258,-0.11895390434999911
55.634,-0.20172565350000501,-1.6210353920997544,1.4210353921012333,-1.2596548692974165,-1.5700000000000258,-0.1210353920999991
55.644,-0.20518444975000505,-1.6231106698497557,1.4231106698512315,-1.2589631100474181,-1.5700000000000258,-0.12311066984999909
55.654,-0.20863270850000507,-1.6251796250997568,1.4251796251012294,-1.2582734582974198,-1.5700000000000258,-0.12517962509999905
55.664,-0.2120702422500051,-1.627242145349758,1.4272421453512272,-1.2575859515474213,-1.5700000000000258,-0.12724214534999903
55.674,-0.2154968635000051,-1.6292981180997592,1.429298118101225,-1.2569006272974228,-1.5700000000000258,-0.12929811809999903
55.684,-0.21891238475000513,-1.6313474308497604,1.4313474308512237,-1.2562175230474242,-1.5700000000000258,-0.13134743084999906
55.694,-0.2223166185000051,-1.6333899710997615,1.4333899711012217,-1.2555366762974256,-1.5700000000000258,-0.13338997109999903
55.704,-0.22570937725000514,-1.6354256263497624,1.4354256263512195,-1.254858124547427,-1.5700000000000258,-0.13542562634999902
55.714,-0.2290904735000052,-1.6374542840997635,1.437454284101218,-1.2541819052974283,-1.5700000000000258,-0.13745428409999902
55.724,-0.2324597197500052,-1.6394758318497646,1.4394758318512162,-1.2535080560474299,-1.5700000000000258,-0.13947583184999898
55.734,-0.23581692850000519,-1.6414901570997658,1.4414901571012142,-1.2528366142974312,-1.5700000000000258,-0.14149015709999893
55.744,-0.23916191225000522,-1.643497147349767,1.4434971473512128,-1.2521676175474326,-1.5700000000000258,-0.14349714734999894
55.754,-0.2424944835000052,-1.645496690099768,1.4454966901012107,-1.2515011032974341,-1.5700000000000258,-0.1454966900999989
55.764,-0.24581445475000524,-1.647488672849769,1.4474886728512093,-1.2508371090474355,-1.5700000000000258,-0.1474886728499989
55.774,-0.2491216385000052,-1.6494729830997703,1.4494729831012072,-1.250175672297437,-1.570000000000026,-0.14947298309999887
55.784,-0.25241584725000527,-1.6514495083497713,1.4514495083512053,-1.2495168305474385,-1.5700000000000265,-0.15144950834999887
55.794,-0.2556968935000053,-1.6534181360997728,1.4534181361012037,-1.24886062129744,-1.5700000000000267,-0.15341813609999888
55.804,-0.25896458975000525,-1.655378753849774,1.4553787538512022,-1.2482070820474416,-1.570000000000027,-0.15537875384999889
55.814,-0.26221874850000526,-1.657331249099775,1.4573312491012003,-1.2475562502974429,-1.5700000000000272,-0.1573312490999989
55.824,-0.26545918225000525,-1.6592755093497762,1.4592755093511984,-1.2469081635474444,-1.5700000000000274,-0.15927550934999887
55.834,-0.2686857035000053,-1.6612114220997771,1.4612114221011967,-1.246262859297446,-1.5700000000000276,-0.16121142209999892
55.844,-0.27189812475000524,-1.6631388748497784,1.463138874851195,-1.2456203750474473,-1.5700000000000278,-0.16313887484999887
55.854,-0.2750962585000053,-1.6650577550997794,1.4650577551011936,-1.2449807482974486,-1.570000000000028,-0.1650577550999988
55.864,-0.2782799172500052,-1.6669679503497805,1.4669679503511919,-1.2443440165474502,-1.570000000000028,-0.16696795034999876
55.874,-0.28144891350000517,-1.6688693480997814,1.46886934810119,-1.243710217297452,-1.570000000000028,-0.16886934809999876
55.884,-0.2846030597500052,-1.6707618358497824,1.470761835851188,-1.243079388047453,-1.570000000000028,-0.17076183584999874
55.894,-0.2877421685000052,-1.6726453010997837,1.4726453011011864,-1.2424515662974547,-1.570000000000028,-0.1726453010999987
55.904,-0.2908660522500053,-1.6745196313497848,1.4745196313511848,-1.241826789547456,-1.570000000000028,-0.1745196313499987
55.914,-0.2939745235000053,-1.676384714099786,1.4763847141011832,-1.2412050952974574,-1.570000000000028,-0.17638471409999873
55.924,-0.29706739475000526,-1.6782404368497872,1.4782404368511814,-1.240586521047459,-1.570000000000028,-0.1782404368499987
55.934,-0.3001444785000053,-1.6800866870997881,1.48008668710118,-1.23997110429746,-1.570000000000028,-0.18008668709999867
55.944,-0.3032055872500053,-1.681923352349789,1.4819233523511786,-1.2393588825474617,-1.570000000000028,-0.18192335234999865
55.954,-0.3062505335000052,-1.6837503200997899,1.4837503201011772,-1.2387498932974628,-1.570000000000028,-0.18375032009999864
55.964,-0.3092791297500052,-1.685567477849791,1.4855674778511756,-1.2381441740474637,-1.570000000000028,-0.18556747784999864
55.974,-0.31229118850000526,-1.6873747130997923,1.487374713101174,-1.2375417622974652,-1.570000000000028,-0.18737471309999867
55.984,-0.3152865222500053,-1.6891719133497933,1.4891719133511725,-1.2369426955474665,-1.570000000000028,-0.1891719133499986
55.994,-0.3182649435000053,-1.6909589660997941,1.4909589661011706,-1.2363470112974677,-1.570000000000028,-0.19095896609999857
56.004,-0.32122626475000543,-1.692735758849795,1.4927357588511694,-1.235754747047469,-1.570000000000028,-0.19273575884999866
56.014,-0.3241702985000054,-1.6945021790997963,1.4945021791011677,-1.2351659402974704,-1.570000000000028,-0.1945021790999986
56.024,-0.3270968572500054,-1.6962581143497972,1.496258114351166,-1.2345806285474714,-1.570000000000028,-0.19625811434999857
56.034,-0.33000575350000544,-1.6980034520997982,1.4980034521011645,-1.233998849297473,-1.570000000000028,-0.19800345209999856
56.044,-0.33289679975000536,-1.699738079849799,1.4997380798511633,-1.2334206400474743,-1.570000000000028,-0.19973807984999853
56.054,-0.33576980850000543,-1.7014618850998002,1.5014618851011616,-1.2328460382974757,-1.570000000000028,-0.20146188509999854
56.064,-0.3386245922500054,-1.7031747553498007,1.5031747553511603,-1.232275081547477,-1.5700000000000283,-0.2031747553499985
56.074,-0.34146096350000543,-1.7048765780998019,1.5048765781011586,-1.231707807297478,-1.5700000000000285,-0.20487657809999846
56.084,-0.3442787347500054,-1.7065672408498027,1.5065672408511572,-1.2311442530474794,-1.5700000000000287,-0.20656724084999845
56.094,-0.34707771850000535,-1.7082466310998037,1.508246631101156,-1.2305844562974808,-1.5700000000000287,-0.20824663109999836
56.104,-0.34985772725000536,-1.7099146363498048,1.5099146363511544,-1.2300284545474818,-1.570000000000029,-0.20991463634999838
56.114,-0.35261857350000536,-1.7115711440998058,1.511571144101153,-1.229476285297483,-1.5700000000000292,-0.2115711440999984
56.124,-0.3553600697500054,-1.7132160418498066,1.5132160418511518,-1.2289279860474838,-1.5700000000000294,-0.21321604184999837
56.134,-0.35808202850000537,-1.714849217099808,1.51484921710115,-1.228383594297485,-1.5700000000000296,-0.21484921709999832
56.144,-0.36078426225000537,-1.7164705573498087,1.5164705573511488,-1.2278431475474862,-1.5700000000000296,-0.21647055734999832
56.154,-0.3634665835000054,-1.7180799500998092,1.5180799501011475,-1.2273066832974875,-1.5700000000000296,-0.21807995009999834
56.164,-0.3661288047500054,-1.71967728284981,1.5196772828511462,-1.2267742390474887,-1.5700000000000296,-0.21967728284999832
56.174,-0.36877073850000536,-1.721262443099811,1.521262443101145,-1.22624585229749,-1.5700000000000296,-0.22126244309999826
56.184,-0.37139219725000533,-1.722835318349812,1.5228353183511434,-1.225721560547491,-1.5700000000000296,-0.22283531834999826
56.194,-0.37399299350000537,-1.724395796099813,1.5243957961011418,-1.2252014012974926,-1.5700000000000296,-0.22439579609999824
56.204,-0.37657293975000544,-1.7259437638498139,1.5259437638511406,-1.2246854120474935,-1.5700000000000296,-0.22594376384999823
56.214,-0.37913184850000536,-1.727479109099815,1.5274791091011393,-1.2241736302974944,-1.5700000000000296,-0.2274791090999982
56.224,-0.3816695322500053,-1.7290017193498157,1.5290017193511383,-1.2236660935474957,-1.5700000000000296,-0.22900171934999813
56.234,-0.3841858035000053,-1.7305114820998164,1.5305114821011372,-1.223162839297497,-1.5700000000000296,-0.2305114820999981
56.244,-0.3866804747500054,-1.7320082848498173,1.5320082848511356,-1.2226639050474977,-1.5700000000000296,-0.23200828484999814
56.254,-0.3891533585000053,-1.733492015099818,1.5334920151011342,-1.2221693282974988,-1.5700000000000296,-0.2334920150999981
56.264,-0.39160426725000536,-1.734962560349819,1.534962560351133,-1.2216791465475,-1.5700000000000296,-0.23496256034999813
56.274,-0.3940330135000054,-1.73641980809982,1.5364198081011315,-1.221193397297501,-1.5700000000000296,-0.23641980809999813
56.284,-0.3964394097500054,-1.737863645849821,1.5378636458511306,-1.2207121180475022,-1.5700000000000296,-0.23786364584999808
56.294,-0.3988232685000054,-1.7392939610998217,1.5392939611011294,-1.220235346297503,-1.5700000000000296,-0.23929396109999806
56.304,-0.4011844022500054,-1.7407106413498221,1.5407106413511282,-1.219763119547504,-1.5700000000000296,-0.24071064134999806
56.314,-0.4035226235000054,-1.7421135740998226,1.5421135741011271,-1.219295475297505,-1.5700000000000296,-0.24211357409999806
56.324,-0.4058377447500054,-1.743502646849824,1.543502646851126,-1.218832451047506,-1.5700000000000296,-0.24350264684999806
56.334,-0.40812957850000536,-1.744877747099825,1.5448777471011248,-1.218374084297507,-1.5700000000000296,-0.24487774709999802
56.344,-0.4103979372500054,-1.7462387623498257,1.5462387623511238,-1.217920412547508,-1.5700000000000296,-0.24623876234999797
56.354,-0.4126426335000054,-1.7475855800998263,1.547585580101123,-1.2174714732975092,-1.5700000000000296,-0.24758558009999795
56.364,-0.41486347975000537,-1.7489180878498272,1.5489180878511215,-1.2170273040475101,-1.5700000000000296,-0.24891808784999797
56.374,-0.4170602885000054,-1.7502361730998277,1.5502361731011205,-1.2165879422975112,-1.5700000000000296,-0.25023617309999796
56.384,-0.4192328722500055,-1.751539723349828,1.5515397233511192,-1.216153425547512,-1.5700000000000296,-0.25153972334999797
56.394,-0.4213810435000054,-1.752828626099829,1.5528286261011182,-1.2157237912975132,-1.5700000000000298,-0.2528286260999979
56.404,-0.42350461475000545,-1.7541027688498296,1.554102768851117,-1.215299077047514,-1.57000000000003,-0.2541027688499979
56.414,-0.4256033985000054,-1.7553620390998304,1.555362039101116,-1.214879320297515,-1.57000000000003,-0.25536203909999783
56.424,-0.42767720725000546,-1.7566063243498309,1.556606324351115,-1.2144645585475158,-1.5700000000000303,-0.25660632434999786
56.434,-0.4297258535000054,-1.7578355120998321,1.5578355121011143,-1.2140548292975166,-1.5700000000000305,-0.2578355120999979
56.444,-0.4317491497500054,-1.7590494898498328,1.5590494898511136,-1.213650170047517,-1.5700000000000305,-0.2590494898499979
56.454,-0.43374690850000547,-1.7602481450998335,1.5602481451011123,-1.213250618297518,-1.5700000000000305,-0.26024814509999783
56.464,-0.4357189422500055,-1.7614313653498344,1.5614313653511112,-1.212856211547519,-1.5700000000000305,-0.2614313653499978
56.474,-0.43766506350000556,-1.7625990380998349,1.5625990381011103,-1.2124669872975198,-1.5700000000000305,-0.2625990380999978
56.484,-0.4395850847500055,-1.763751050849835,1.5637510508511092,-1.2120829830475208,-1.5700000000000305,-0.2637510508499978
56.494,-0.44147881850000553,-1.7648872910998354,1.5648872911011085,-1.2117042362975217,-1.5700000000000305,-0.2648872910999978
56.504,-0.4433460772500055,-1.7660076463498364,1.5660076463511075,-1.2113307845475223,-1.5700000000000305,-0.2660076463499978
56.514,-0.4451866735000055,-1.7671120040998374,1.5671120041011066,-1.2109626652975234,-1.5700000000000305,-0.26711200409999786
56.524,-0.4470004197500056,-1.7682002518498383,1.5682002518511058,-1.210599916047524,-1.5700000000000305,-0.26820025184999774
56.534,-0.44878712850000557,-1.769272277099839,1.569272277101105,-1.2102425742975247,-1.5700000000000305,-0.26927227709999774
56.544,-0.45054661225000553,-1.770327967349839,1.5703279673511041,-1.2098906775475253,-1.5700000000000305,-0.27032796734999776
56.554,-0.4522786835000055,-1.7713672100998397,1.5713672101011034,-1.2095442632975266,-1.5700000000000305,-0.27136721009999776
56.564,-0.4539831547500055,-1.77238989284984,1.5723898928511026,-1.2092033690475272,-1.5700000000000305,-0.27238989284999776
56.574,-0.4556598385000055,-1.7733959030998405,1.5733959031011018,-1.208868032297528,-1.5700000000000305,-0.2733959030999977
56.584,-0.4573085472500055,-1.7743851283498415,1.574385128351101,-1.2085382905475286,-1.5700000000000305,-0.2743851283499978
56.594,-0.45892909350000555,-1.7753574560998422,1.5753574561011001,-1.208214181297529,-1.5700000000000305,-0.2753574560999977
56.604,-0.46052128975000556,-1.776312773849843,1.5763127738510994,-1.2078957420475298,-1.5700000000000305,-0.2763127738499977
56.614,-0.46208494850000553,-1.7772509690998437,1.5772509691010983,-1.2075830102975302,-1.5700000000000305,-0.27725096909999764
56.624,-0.4636198822500056,-1.7781719293498441,1.5781719293510976,-1.2072760235475308,-1.5700000000000305,-0.2781719293499976
56.634,-0.46512590350000566,-1.7790755420998445,1.5790755421010967,-1.2069748192975316,-1.5700000000000305,-0.2790755420999976
56.644,-0.4666028247500056,-1.7799616948498447,1.5799616948510962,-1.2066794350475323,-1.5700000000000305,-0.2799616948499976
56.654,-0.46805045850000565,-1.7808302750998453,1.5808302751010954,-1.206389908297533,-1.5700000000000305,-0.28083027509999764
56.664,-0.46946861725000566,-1.7816811703498459,1.5816811703510947,-1.2061062765475337,-1.5700000000000305,-0.28168117034999757
56.674,-0.4708571135000057,-1.7825142680998463,1.5825142681010942,-1.2058285772975343,-1.5700000000000305,-0.2825142680999975
56.684,-0.47221575975000574,-1.7833294558498465,1.5833294558510937,-1.205556848047535,-1.5700000000000307,-0.2833294558499975
56.694,-0.47354436850000575,-1.7841266210998474,1.5841266211010927,-1.2052911262975354,-1.570000000000031,-0.2841266210999976
56.704,-0.47484275225000566,-1.7849056513498478,1.5849056513510922,-1.205031449547536,-1.5700000000000311,-0.28490565134999746
56.714,-0.4761107235000057,-1.7856664340998483,1.5856664341010915,-1.2047778552975363,-1.5700000000000314,-0.28566643409999737
56.724,-0.4773480947500057,-1.7864088568498488,1.5864088568510908,-1.204530381047537,-1.5700000000000316,-0.28640885684999745
56.734,-0.4785546785000057,-1.7871328070998491,1.5871328071010904,-1.2042890642975377,-1.5700000000000318,-0.2871328070999974
56.744,-0.4797302872500057,-1.7878381723498498,1.5878381723510895,-1.204053942547538,-1.570000000000032,-0.2878381723499974
56.754,-0.4808747335000058,-1.78852484009985,1.5885248401010892,-1.2038250532975385,-1.5700000000000323,-0.28852484009999746
56.764,-0.4819878297500058,-1.7891926978498505,1.5891926978510886,-1.2036024340475386,-1.5700000000000323,-0.2891926978499974
56.774,-0.4830693885000058,-1.7898416330998508,1.589841633101088,-1.2033861222975388,-1.5700000000000323,-0.2898416330999974
56.784,-0.48411922225000575,-1.7904715333498513,1.5904715333510875,-1.2031761555475395,-1.5700000000000323,-0.29047153334999737
56.794,-0.4851371435000058,-1.7910822860998514,1.5910822861010872,-1.2029725712975399,-1.5700000000000323,-0.29108228609999737
56.804,-0.4861229647500058,-1.791673778849852,1.5916737788510866,-1.202775407047541,-1.5700000000000323,-0.29167377884999746
56.814,-0.48707649850000595,-1.7922458990998522,1.592245899101086,-1.202584700297541,-1.5700000000000323,-0.2922458990999974
56.824,-0.487997557250006,-1.7927985343498525,1.5927985343510858,-1.2024004885475414,-1.5700000000000323,-0.29279853434999736
56.834,-0.488885953500006,-1.7933315720998526,1.5933315721010852,-1.202222809297542,-1.5700000000000323,-0.29333157209999733
56.844,-0.4897414997500059,-1.7938448998498528,1.5938448998510848,-1.2020517000475424,-1.5700000000000323,-0.2938448998499973
56.854,-0.4905640085000059,-1.7943384050998532,1.5943384051010845,-1.2018871982975425,-1.5700000000000323,-0.2943384050999973
56.864,-0.49135329225000596,-1.7948119753498535,1.594811975351084,-1.2017293415475427,-1.5700000000000323,-0.29481197534999726
56.874,-0.49210916350000594,-1.795265498099854,1.5952654981010839,-1.2015781672975434,-1.5700000000000323,-0.2952654980999972
56.884,-0.4928314347500061,-1.7956988608498543,1.5956988608510836,-1.2014337130475436,-1.5700000000000323,-0.2956988608499972
56.894,-0.49351991850000604,-1.7961119510998547,1.5961119511010833,-1.2012960162975437,-1.5700000000000323,-0.29611195109999716
56.904,-0.49417442725000615,-1.796504656349855,1.596504656351083,-1.201165114547544,-1.5700000000000323,-0.2965046563499971
56.914,-0.4947947735000062,-1.7968768640998554,1.5968768641010824,-1.2010410452975442,-1.5700000000000323,-0.29687686409999714
56.924,-0.4953807697500062,-1.7972284618498555,1.5972284618510821,-1.2009238460475444,-1.5700000000000323,-0.2972284618499971
56.934,-0.4959322285000061,-1.7975593370998557,1.597559337101082,-1.2008135542975444,-1.5700000000000323,-0.29755933709999705
56.944,-0.4964489622500061,-1.7978693773498557,1.5978693773510817,-1.2007102075475447,-1.5700000000000325,-0.29786937734999713
56.954,-0.4969307835000061,-1.7981584700998559,1.5981584701010814,-1.2006138432975448,-1.5700000000000327,-0.29815847009999713
56.964,-0.4973775047500062,-1.798426502849856,1.5984265028510811,-1.200524499047545,-1.5700000000000331,-0.2984265028499971
56.974,-0.4977889385000063,-1.7986733630998564,1.598673363101081,-1.2004422122975453,-1.5700000000000334,-0.29867336309999715
56.984,-0.4981648972500063,-1.7988989383498566,1.598898938351081,-1.2003670205475456,-1.5700000000000336,-0.29889893834999703
56.994,-0.4985051935000062,-1.7991031160998563,1.5991031161010807,-1.2002989612975457,-1.570000000000034,-0.299103116099997
57.004,-0.4988096397500062,-1.7992857838498566,1.5992857838510801,-1.2002380720475456,-1.5700000000000343,-0.29928578384999693
57.014,-0.4990780485000063,-1.7994468290998569,1.5994468291010802,-1.2001843902975458,-1.5700000000000345,-0.29944682909999704
57.024,-0.49931023225000637,-1.7995861393498571,1.5995861393510802,-1.2001379535475456,-1.570000000000035,-0.299586139349997
57.034,-0.4995060035000064,-1.799703602099857,1.59970360210108,-1.2000987992975458,-1.5700000000000351,-0.29970360209999697
57.044,-0.4996651747500065,-1.7997991048498572,1.5997991048510802,-1.2000669650475462,-1.5700000000000354,-0.299799104849997
57.054,-0.4997875585000065,-1.799872535099857,1.5998725351010799,-1.200042488297546,-1.5700000000000354,-0.299872535099997
57.064,-0.49987296725000663,-1.7999237803498571,1.59992378035108,-1.200025406547546,-1.5700000000000354,-0.29992378034999706
57.074,-0.4999249884314585,-1.7999549930587284,1.599954993059951,-1.2000150023112566,-1.5700000000000323,-0.29995499305886886
57.084,-0.4999557064188931,-1.7999734238511893,1.599973423852412,-1.2000088587137718,-1.570000000000026,-0.2999734238513309
57.094,-0.4999738450832929,-1.7999843070498291,1.599984307051052,-1.2000052309808942,-1.5700000000000198,-0.2999843070499721
57.104,-0.4999845557832341,-1.799990733469794,1.5999907334710168,-1.2000030888409077,-1.5700000000000147,-0.29999073346993793
57.114,-0.49999088034444206,-1.7999945282065188,1.5999945282077417,-1.2000018239286672,-1.570000000000011,-0.29999452820666356
57.124,-0.49999461493458974,-1.7999967689606073,1.5999967689618302,-1.2000010770106389,-1.5700000000000078,-0.2999967689607527
57.134,-0.499996820172726,-1.7999980921034893,1.5999980921047128,-1.2000006359630124,-1.5700000000000056,-0.2999980921036348
57.144,-0.49999812234379304,-1.7999988734061296,1.5999988734073531,-1.2000003755287996,-1.5700000000000045,-0.2999988734062753
57.154,-0.49999889126278646,-1.7999993347575258,1.5999993347587493,-1.2000002217450012,-1.570000000000004,-0.2999993347576715
57.164,-0.49999934530176277,-1.799999607180912,1.5999996071821354,-1.2000001309372061,-1.570000000000004,-0.29999960718105745
57.174,-0.49999961340723786,-1.7999997680441968,1.5999997680454203,-1.200000077316111,-1.570000000000004,-0.2999997680443427
57.184,-0.4999997717208399,-1.7999998630323581,1.5999998630335817,-1.200000045653391,-1.570000000000004,-0.2999998630325039
57.194,-0.4999998652034387,-1.7999999191219174,1.5999999191231409,-1.2000000269568716,-1.570000000000004,-0.29999991912206325
57.204,-0.4999999204039786,-1.7999999522422412,1.5999999522434647,-1.2000000159167632,-1.570000000000004,-0.29999995224238707
57.214,-0.49999995299934524,-1.7999999717994615,1.599999971800685,-1.2000000093976895,-1.570000000000004,-0.29999997179960713
57.224,-0.4999999722465834,-1.7999999833478042,1.5999999833490277,-1.200000005548242,-1.570000000000004,-0.29999998334794997
57.234,-0.49999998361188497,-1.799999990166985,1.5999999901682085,-1.200000003275182,-1.570000000000004,-0.29999999016713097
57.244,-0.499999990322982,-1.799999994193643,1.5999999941948666,-1.2000000019329624,-1.570000000000004,-0.2999999941937891
57.254,-0.4999999942858176,-1.7999999965713442,1.5999999965725678,-1.200000001140395,-1.570000000000004,-0.29999999657149057
57.264,-0.49999999662583244,-1.7999999979753536,1.599999997976577,-1.200000000672392,-1.570000000000004,-0.2999999979754995
57.274,-0.4999999980075878,-1.7999999988044064,1.59999999880563,-1.2000000003960412,-1.570000000000004,-0.29999999880455264
57.284,-0.4999999988235005,-1.7999999992939544,1.5999999992951779,-1.2000000002328588,-1.570000000000004,-0.29999999929410015
57.294,-0.4999999993052889,-1.7999999995830271,1.5999999995842507,-1.2000000001365012,-1.570000000000004,-0.29999999958317314
57.304,-0.4999999995897801,-1.7999999997537217,1.5999999997549452,-1.2000000000796032,-1.570000000000004,-0.29999999975386793
57.314,-0.49999999975776926,-1.7999999998545153,1.5999999998557388,-1.2000000000460052,-1.570000000000004,-0.2999999998546614
57.324,-0.49999999985696514,-1.7999999999140326,1.599999999915256,-1.200000000026166,-1.570000000000004,-0.299999999914179
57.334,-0.4999999999155393,-1.799999999949177,1.5999999999504004,-1.2000000000144508,-1.570000000000004,-0.2999999999493236
57.344,-0.49999999995012673,-1.7999999999699292,1.5999999999711527,-1.2000000000075333,-1.570000000000004,-0.2999999999700761
57.354,-0.4999999999705504,-1.7999999999821834,1.599999999983407,-1.200000000003449,-1.570000000000004,-0.2999999999823303
57.364,-0.4999999999826103,-1.7999999999894198,1.5999999999906434,-1.2000000000010371,-1.570000000000004,-0.29999999998956617
57.374,-0.4999999999897316,-1.7999999999936929,1.5999999999949164,-1.199999999999613,-1.570000000000004,-0.29999999999383886
57.384,-0.4999999999939366,-1.7999999999962157,1.5999999999974392,-1.1999999999987718,-1.570000000000004,-0.29999999999636195
57.394,-0.4999999999964195,-1.7999999999977057,1.5999999999989292,-1.1999999999982753,-1.570000000000004,-0.29999999999785176
57.404,-0.49999999999788575,-1.7999999999985854,1.599999999999809,-1.1999999999979818,-1.570000000000004,-0.2999999999987315
57.414,-0.4999999999987515,-1.7999999999991045,1.600000000000328,-1.1999999999978086,-1.570000000000004,-0.299999999999251
57.424,-0.49999999999926287,-1.7999999999994118,1.6000000000006354,-1.199999999997706,-1.570000000000004,-0.29999999999955773
57.434,-0.49999999999956485,-1.799999999999593,1.6000000000008165,-1.1999999999976456,-1.570000000000004,-0.2999999999997388
57.444,-0.49999999999974304,-1.7999999999997,1.6000000000009236,-1.1999999999976096,-1.570000000000004,-0.2999999999998457
57.454,-0.4999999999998483,-1.7999999999997631,1.6000000000009866,-1.1999999999975892,-1.570000000000004,-0.2999999999999089
57.464,-0.49999999999991057,-1.7999999999998,1.6000000000010235,-1.1999999999975768,-1.570000000000004,-0.2999999999999462
57.474,-0.4999999999999472,-1.7999999999998222,1.6000000000010457,-1.1999999999975692,-1.570000000000004,-0.2999999999999682
57.484,-0.49999999999996886,-1.799999999999835,1.6000000000010586,-1.1999999999975648,-1.570000000000004,-0.2999999999999813
57.494,-0.4999999999999815,-1.7999999999998426,1.6000000000010661,-1.1999999999975626,-1.570000000000004,-0.29999999999998894
57.504,-0.49999999999998906,-1.7999999999998475,1.600000000001071,-1.1999999999975608,-1.570000000000004,-0.2999999999999935
57.514,-0.4999999999999935,-1.7999999999998497,1.6000000000010732,-1.1999999999975608,-1.570000000000004,-0.29999999999999616
57.524,-0.49999999999999617,-1.799999999999852,1.6000000000010755,-1.1999999999975608,-1.570000000000004,-0.2999999999999977
57.534,-0.4999999999999977,-1.799999999999852,1.6000000000010755,-1.1999999999975608,-1.570000000000004,-0.2999999999999986
57.544,-0.4999999999999986,-1.799999999999852,1.6000000000010755,-1.1999999999975608,-1.570000000000004,-0.29999999999999916
57.554,-0.49999999999999917,-1.799999999999852,1.6000000000010755,-1.1999999999975608,-1.570000000000004,-0.2999999999999995
57.564,-0.4999999999999995,-1.799999999999852,1.6000000000010755,-1.1999999999975608,-1.570000000000004,-0.2999999999999995
57.574,-0.4999999999999995,-1.799999999999852,1.6000000000010755,-1.1999999999975608,-1.570000000000004,-0.2999999999999995
57.584,-0.4999999999999995,-1.799999999999852,1.6000000000010755,-1.1999999999975608,-1.570000000000004,-0.2999999999999995
57.594,-0.4999999999999995,-1.799999999999852,1.6000000000010755,-1.1999999999975608,-1.570000000000004,-0.2999999999999995
